place,Day,variable,value,text
India,2021-03-15,pct_one_dose,1.9818,India<br>2021-03-15: 1.98% with one dose<br>
India,2021-03-16,pct_one_dose,2.1122,India<br>2021-03-16: 2.11% with one dose<br>
India,2021-03-17,pct_one_dose,2.2395,India<br>2021-03-17: 2.24% with one dose<br>
India,2021-03-18,pct_one_dose,2.3731,India<br>2021-03-18: 2.37% with one dose<br>
India,2021-03-19,pct_one_dose,2.5499,India<br>2021-03-19: 2.55% with one dose<br>
India,2021-03-20,pct_one_dose,2.717,India<br>2021-03-20: 2.72% with one dose<br>
India,2021-03-21,pct_one_dose,2.7498,India<br>2021-03-21: 2.75% with one dose<br>
India,2021-03-22,pct_one_dose,2.9736,India<br>2021-03-22: 2.97% with one dose<br>
India,2021-03-23,pct_one_dose,3.1273,India<br>2021-03-23: 3.13% with one dose<br>
India,2021-03-24,pct_one_dose,3.2821,India<br>2021-03-24: 3.28% with one dose<br>
India,2021-03-25,pct_one_dose,3.4398,India<br>2021-03-25: 3.44% with one dose<br>
India,2021-03-26,pct_one_dose,3.6172,India<br>2021-03-26: 3.62% with one dose<br>
India,2021-03-27,pct_one_dose,3.7647,India<br>2021-03-27: 3.76% with one dose<br>
India,2021-03-28,pct_one_dose,3.7807,India<br>2021-03-28: 3.78% with one dose<br>
India,2021-03-29,pct_one_dose,3.821,India<br>2021-03-29: 3.82% with one dose<br>
India,2021-03-30,pct_one_dose,3.9511,India<br>2021-03-30: 3.95% with one dose<br>
India,2021-03-31,pct_one_dose,4.0824,India<br>2021-03-31: 4.08% with one dose<br>
India,2021-04-01,pct_one_dose,4.3287,India<br>2021-04-01: 4.33% with one dose<br>
India,2021-04-02,pct_one_dose,4.6166,India<br>2021-04-02: 4.62% with one dose<br>
India,2021-04-03,pct_one_dose,4.8111,India<br>2021-04-03: 4.81% with one dose<br>
India,2021-04-04,pct_one_dose,5.0262,India<br>2021-04-04: 5.03% with one dose<br>
India,2021-04-05,pct_one_dose,5.2895,India<br>2021-04-05: 5.29% with one dose<br>
India,2021-04-06,pct_one_dose,5.5574,India<br>2021-04-06: 5.56% with one dose<br>
India,2021-04-07,pct_one_dose,5.7642,India<br>2021-04-07: 5.76% with one dose<br>
India,2021-04-08,pct_one_dose,6.0345,India<br>2021-04-08: 6.03% with one dose<br>
India,2021-04-09,pct_one_dose,6.2765,India<br>2021-04-09: 6.28% with one dose<br>
India,2021-04-10,pct_one_dose,6.505,India<br>2021-04-10: 6.5% with one dose<br>
India,2021-04-11,pct_one_dose,6.7027,India<br>2021-04-11: 6.7% with one dose<br>
India,2021-04-12,pct_one_dose,6.9556,India<br>2021-04-12: 6.96% with one dose<br>
India,2021-04-13,pct_one_dose,7.1209,India<br>2021-04-13: 7.12% with one dose<br>
India,2021-04-14,pct_one_dose,7.3315,India<br>2021-04-14: 7.33% with one dose<br>
India,2021-04-15,pct_one_dose,7.4903,India<br>2021-04-15: 7.49% with one dose<br>
India,2021-04-16,pct_one_dose,7.641,India<br>2021-04-16: 7.64% with one dose<br>
India,2021-04-17,pct_one_dose,7.7891,India<br>2021-04-17: 7.79% with one dose<br>
India,2021-04-18,pct_one_dose,7.8579,India<br>2021-04-18: 7.86% with one dose<br>
India,2021-04-19,pct_one_dose,8.0253,India<br>2021-04-19: 8.03% with one dose<br>
India,2021-04-20,pct_one_dose,8.1707,India<br>2021-04-20: 8.17% with one dose<br>
India,2021-04-21,pct_one_dose,8.2806,India<br>2021-04-21: 8.28% with one dose<br>
India,2021-04-22,pct_one_dose,8.4215,India<br>2021-04-22: 8.42% with one dose<br>
India,2021-04-23,pct_one_dose,8.5579,India<br>2021-04-23: 8.56% with one dose<br>
India,2021-04-24,pct_one_dose,8.6782,India<br>2021-04-24: 8.68% with one dose<br>
India,2021-04-25,pct_one_dose,8.7284,India<br>2021-04-25: 8.73% with one dose<br>
India,2021-04-26,pct_one_dose,8.8817,India<br>2021-04-26: 8.88% with one dose<br>
India,2021-04-27,pct_one_dose,8.9965,India<br>2021-04-27: 9% with one dose<br>
India,2021-04-28,pct_one_dose,9.0903,India<br>2021-04-28: 9.09% with one dose<br>
India,2021-04-29,pct_one_dose,9.1836,India<br>2021-04-29: 9.18% with one dose<br>
India,2021-04-30,pct_one_dose,9.2985,India<br>2021-04-30: 9.3% with one dose<br>
India,2021-05-01,pct_one_dose,9.3801,India<br>2021-05-01: 9.38% with one dose<br>
India,2021-05-02,pct_one_dose,9.395,India<br>2021-05-02: 9.39% with one dose<br>
India,2021-05-03,pct_one_dose,9.4574,India<br>2021-05-03: 9.46% with one dose<br>
India,2021-05-04,pct_one_dose,9.5172,India<br>2021-05-04: 9.52% with one dose<br>
India,2021-05-05,pct_one_dose,9.5853,India<br>2021-05-05: 9.59% with one dose<br>
India,2021-05-06,pct_one_dose,9.6667,India<br>2021-05-06: 9.67% with one dose<br>
India,2021-05-07,pct_one_dose,9.7417,India<br>2021-05-07: 9.74% with one dose<br>
India,2021-05-08,pct_one_dose,9.8052,India<br>2021-05-08: 9.81% with one dose<br>
India,2021-05-09,pct_one_dose,9.8363,India<br>2021-05-09: 9.84% with one dose<br>
India,2021-05-10,pct_one_dose,9.916,India<br>2021-05-10: 9.92% with one dose<br>
India,2021-05-11,pct_one_dose,9.9984,India<br>2021-05-11: 10% with one dose<br>
India,2021-05-12,pct_one_dose,10.0744,India<br>2021-05-12: 10.07% with one dose<br>
India,2021-05-13,pct_one_dose,10.1521,India<br>2021-05-13: 10.15% with one dose<br>
India,2021-05-14,pct_one_dose,10.2001,India<br>2021-05-14: 10.2% with one dose<br>
India,2021-05-15,pct_one_dose,8.7792,India<br>2021-05-15: 8.78% with one dose<br>
India,2021-05-16,pct_one_dose,10.3298,India<br>2021-05-16: 10.33% with one dose<br>
India,2021-05-17,pct_one_dose,10.4235,India<br>2021-05-17: 10.42% with one dose<br>
India,2021-05-18,pct_one_dose,10.5081,India<br>2021-05-18: 10.51% with one dose<br>
India,2021-05-19,pct_one_dose,10.5841,India<br>2021-05-19: 10.58% with one dose<br>
India,2021-05-20,pct_one_dose,10.9192,India<br>2021-05-20: 10.92% with one dose<br>
India,2021-05-21,pct_one_dose,11.0143,India<br>2021-05-21: 11.01% with one dose<br>
India,2021-05-22,pct_one_dose,11.12,India<br>2021-05-22: 11.12% with one dose<br>
India,2021-05-23,pct_one_dose,11.1921,India<br>2021-05-23: 11.19% with one dose<br>
India,2021-05-24,pct_one_dose,11.3608,India<br>2021-05-24: 11.36% with one dose<br>
India,2021-05-25,pct_one_dose,11.5008,India<br>2021-05-25: 11.5% with one dose<br>
India,2021-05-26,pct_one_dose,11.6381,India<br>2021-05-26: 11.64% with one dose<br>
India,2021-05-27,pct_one_dose,11.8448,India<br>2021-05-27: 11.84% with one dose<br>
India,2021-05-28,pct_one_dose,12.0592,India<br>2021-05-28: 12.06% with one dose<br>
India,2021-05-29,pct_one_dose,12.2669,India<br>2021-05-29: 12.27% with one dose<br>
India,2021-05-30,pct_one_dose,12.3398,India<br>2021-05-30: 12.34% with one dose<br>
India,2021-05-31,pct_one_dose,12.5291,India<br>2021-05-31: 12.53% with one dose<br>
India,2021-06-01,pct_one_dose,12.691,India<br>2021-06-01: 12.69% with one dose<br>
India,2021-06-02,pct_one_dose,12.8559,India<br>2021-06-02: 12.86% with one dose<br>
India,2021-06-03,pct_one_dose,13.0623,India<br>2021-06-03: 13.06% with one dose<br>
India,2021-06-04,pct_one_dose,13.316,India<br>2021-06-04: 13.32% with one dose<br>
India,2021-06-05,pct_one_dose,13.5492,India<br>2021-06-05: 13.55% with one dose<br>
India,2021-06-06,pct_one_dose,13.6499,India<br>2021-06-06: 13.65% with one dose<br>
India,2021-06-07,pct_one_dose,13.8754,India<br>2021-06-07: 13.88% with one dose<br>
India,2021-06-08,pct_one_dose,14.0614,India<br>2021-06-08: 14.06% with one dose<br>
India,2021-06-09,pct_one_dose,14.3062,India<br>2021-06-09: 14.31% with one dose<br>
India,2021-06-10,pct_one_dose,14.5279,India<br>2021-06-10: 14.53% with one dose<br>
India,2021-06-11,pct_one_dose,14.7605,India<br>2021-06-11: 14.76% with one dose<br>
India,2021-06-12,pct_one_dose,14.9949,India<br>2021-06-12: 14.99% with one dose<br>
India,2021-06-13,pct_one_dose,15.103,India<br>2021-06-13: 15.1% with one dose<br>
India,2021-06-14,pct_one_dose,15.3809,India<br>2021-06-14: 15.38% with one dose<br>
India,2021-06-15,pct_one_dose,15.5649,India<br>2021-06-15: 15.56% with one dose<br>
India,2021-06-16,pct_one_dose,15.7966,India<br>2021-06-16: 15.8% with one dose<br>
India,2021-06-17,pct_one_dose,16.0181,India<br>2021-06-17: 16.02% with one dose<br>
India,2021-06-18,pct_one_dose,16.2396,India<br>2021-06-18: 16.24% with one dose<br>
India,2021-06-19,pct_one_dose,16.5167,India<br>2021-06-19: 16.52% with one dose<br>
India,2021-06-20,pct_one_dose,16.7403,India<br>2021-06-20: 16.74% with one dose<br>
India,2021-06-21,pct_one_dose,17.3213,India<br>2021-06-21: 17.32% with one dose<br>
India,2021-06-22,pct_one_dose,17.7028,India<br>2021-06-22: 17.7% with one dose<br>
India,2021-06-23,pct_one_dose,18.1661,India<br>2021-06-23: 18.17% with one dose<br>
India,2021-06-24,pct_one_dose,18.5696,India<br>2021-06-24: 18.57% with one dose<br>
India,2021-06-25,pct_one_dose,19.0158,India<br>2021-06-25: 19.02% with one dose<br>
India,2021-06-26,pct_one_dose,19.4219,India<br>2021-06-26: 19.42% with one dose<br>
India,2021-06-27,pct_one_dose,19.5353,India<br>2021-06-27: 19.54% with one dose<br>
India,2021-06-28,pct_one_dose,19.8425,India<br>2021-06-28: 19.84% with one dose<br>
India,2021-06-29,pct_one_dose,20.0534,India<br>2021-06-29: 20.05% with one dose<br>
India,2021-06-30,pct_one_dose,20.2061,India<br>2021-06-30: 20.21% with one dose<br>
India,2021-07-01,pct_one_dose,20.4516,India<br>2021-07-01: 20.45% with one dose<br>
India,2021-07-02,pct_one_dose,20.6923,India<br>2021-07-02: 20.69% with one dose<br>
India,2021-07-03,pct_one_dose,21.0139,India<br>2021-07-03: 21.01% with one dose<br>
India,2021-07-04,pct_one_dose,21.1007,India<br>2021-07-04: 21.1% with one dose<br>
India,2021-07-05,pct_one_dose,21.3092,India<br>2021-07-05: 21.31% with one dose<br>
India,2021-07-06,pct_one_dose,21.4947,India<br>2021-07-06: 21.49% with one dose<br>
India,2021-07-07,pct_one_dose,21.6544,India<br>2021-07-07: 21.65% with one dose<br>
India,2021-07-08,pct_one_dose,21.8585,India<br>2021-07-08: 21.86% with one dose<br>
India,2021-07-09,pct_one_dose,22.0096,India<br>2021-07-09: 22.01% with one dose<br>
India,2021-07-10,pct_one_dose,22.1873,India<br>2021-07-10: 22.19% with one dose<br>
India,2021-07-11,pct_one_dose,22.2493,India<br>2021-07-11: 22.25% with one dose<br>
India,2021-07-12,pct_one_dose,22.4392,India<br>2021-07-12: 22.44% with one dose<br>
India,2021-07-13,pct_one_dose,22.7886,India<br>2021-07-13: 22.79% with one dose<br>
India,2021-07-14,pct_one_dose,22.9454,India<br>2021-07-14: 22.95% with one dose<br>
India,2021-07-15,pct_one_dose,23.1347,India<br>2021-07-15: 23.13% with one dose<br>
India,2021-07-16,pct_one_dose,23.3212,India<br>2021-07-16: 23.32% with one dose<br>
India,2021-07-17,pct_one_dose,23.5575,India<br>2021-07-17: 23.56% with one dose<br>
India,2021-07-18,pct_one_dose,23.6344,India<br>2021-07-18: 23.63% with one dose<br>
India,2021-07-19,pct_one_dose,23.8867,India<br>2021-07-19: 23.89% with one dose<br>
India,2021-07-20,pct_one_dose,24.0568,India<br>2021-07-20: 24.06% with one dose<br>
India,2021-07-21,pct_one_dose,24.1697,India<br>2021-07-21: 24.17% with one dose<br>
India,2021-07-22,pct_one_dose,24.4395,India<br>2021-07-22: 24.44% with one dose<br>
India,2021-07-23,pct_one_dose,24.6498,India<br>2021-07-23: 24.65% with one dose<br>
India,2021-07-24,pct_one_dose,24.911,India<br>2021-07-24: 24.91% with one dose<br>
India,2021-07-25,pct_one_dose,25.0145,India<br>2021-07-25: 25.01% with one dose<br>
India,2021-07-26,pct_one_dose,25.3595,India<br>2021-07-26: 25.36% with one dose<br>
India,2021-07-27,pct_one_dose,25.565,India<br>2021-07-27: 25.57% with one dose<br>
India,2021-07-28,pct_one_dose,25.8007,India<br>2021-07-28: 25.8% with one dose<br>
India,2021-07-29,pct_one_dose,26.0638,India<br>2021-07-29: 26.06% with one dose<br>
India,2021-07-30,pct_one_dose,26.3331,India<br>2021-07-30: 26.33% with one dose<br>
India,2021-07-31,pct_one_dose,26.8444,India<br>2021-07-31: 26.84% with one dose<br>
India,2021-08-01,pct_one_dose,26.9313,India<br>2021-08-01: 26.93% with one dose<br>
India,2021-08-02,pct_one_dose,27.2704,India<br>2021-08-02: 27.27% with one dose<br>
India,2021-08-03,pct_one_dose,27.6702,India<br>2021-08-03: 27.67% with one dose<br>
India,2021-08-04,pct_one_dose,27.8924,India<br>2021-08-04: 27.89% with one dose<br>
India,2021-08-05,pct_one_dose,28.222,India<br>2021-08-05: 28.22% with one dose<br>
India,2021-08-06,pct_one_dose,28.5448,India<br>2021-08-06: 28.54% with one dose<br>
India,2021-08-07,pct_one_dose,28.8622,India<br>2021-08-07: 28.86% with one dose<br>
India,2021-08-08,pct_one_dose,28.9566,India<br>2021-08-08: 28.96% with one dose<br>
India,2021-08-09,pct_one_dose,29.2852,India<br>2021-08-09: 29.29% with one dose<br>
India,2021-08-10,pct_one_dose,29.5368,India<br>2021-08-10: 29.54% with one dose<br>
India,2021-08-11,pct_one_dose,29.7845,India<br>2021-08-11: 29.78% with one dose<br>
India,2021-08-12,pct_one_dose,30.1247,India<br>2021-08-12: 30.12% with one dose<br>
India,2021-08-13,pct_one_dose,30.5065,India<br>2021-08-13: 30.51% with one dose<br>
India,2021-08-14,pct_one_dose,30.9258,India<br>2021-08-14: 30.93% with one dose<br>
India,2021-08-15,pct_one_dose,31.0354,India<br>2021-08-15: 31.04% with one dose<br>
India,2021-08-16,pct_one_dose,31.5566,India<br>2021-08-16: 31.56% with one dose<br>
India,2021-08-17,pct_one_dose,31.8878,India<br>2021-08-17: 31.89% with one dose<br>
India,2021-08-18,pct_one_dose,32.2085,India<br>2021-08-18: 32.21% with one dose<br>
India,2021-08-19,pct_one_dose,32.5293,India<br>2021-08-19: 32.53% with one dose<br>
India,2021-08-20,pct_one_dose,32.7355,India<br>2021-08-20: 32.74% with one dose<br>
India,2021-08-21,pct_one_dose,32.9881,India<br>2021-08-21: 32.99% with one dose<br>
India,2021-08-22,pct_one_dose,33.0436,India<br>2021-08-22: 33.04% with one dose<br>
India,2021-08-23,pct_one_dose,33.383,India<br>2021-08-23: 33.38% with one dose<br>
India,2021-08-24,pct_one_dose,33.7234,India<br>2021-08-24: 33.72% with one dose<br>
India,2021-08-25,pct_one_dose,34.1682,India<br>2021-08-25: 34.17% with one dose<br>
India,2021-08-26,pct_one_dose,34.6043,India<br>2021-08-26: 34.6% with one dose<br>
India,2021-08-27,pct_one_dose,35.1925,India<br>2021-08-27: 35.19% with one dose<br>
India,2021-08-29,pct_one_dose,35.7509,India<br>2021-08-29: 35.75% with one dose<br>
India,2021-08-30,pct_one_dose,36.0813,India<br>2021-08-30: 36.08% with one dose<br>
India,2021-08-31,pct_one_dose,36.8358,India<br>2021-08-31: 36.84% with one dose<br>
India,2021-09-01,pct_one_dose,37.3092,India<br>2021-09-01: 37.31% with one dose<br>
India,2021-09-02,pct_one_dose,37.7287,India<br>2021-09-02: 37.73% with one dose<br>
India,2021-09-03,pct_one_dose,38.0459,India<br>2021-09-03: 38.05% with one dose<br>
India,2021-09-04,pct_one_dose,38.3885,India<br>2021-09-04: 38.39% with one dose<br>
India,2021-09-05,pct_one_dose,38.5228,India<br>2021-09-05: 38.52% with one dose<br>
India,2021-09-06,pct_one_dose,39.1327,India<br>2021-09-06: 39.13% with one dose<br>
India,2021-09-07,pct_one_dose,39.5602,India<br>2021-09-07: 39.56% with one dose<br>
India,2021-09-08,pct_one_dose,40.0241,India<br>2021-09-08: 40.02% with one dose<br>
India,2021-09-09,pct_one_dose,40.3861,India<br>2021-09-09: 40.39% with one dose<br>
India,2021-09-10,pct_one_dose,40.73,India<br>2021-09-10: 40.73% with one dose<br>
India,2021-09-11,pct_one_dose,41.0637,India<br>2021-09-11: 41.06% with one dose<br>
India,2021-09-12,pct_one_dose,41.3369,India<br>2021-09-12: 41.34% with one dose<br>
India,2021-09-13,pct_one_dose,41.7523,India<br>2021-09-13: 41.75% with one dose<br>
India,2021-09-14,pct_one_dose,42.0558,India<br>2021-09-14: 42.06% with one dose<br>
India,2021-09-15,pct_one_dose,42.3477,India<br>2021-09-15: 42.35% with one dose<br>
India,2021-09-16,pct_one_dose,42.6375,India<br>2021-09-16: 42.64% with one dose<br>
India,2021-09-17,pct_one_dose,43.6244,India<br>2021-09-17: 43.62% with one dose<br>
India,2021-09-18,pct_one_dose,43.987,India<br>2021-09-18: 43.99% with one dose<br>
India,2021-09-19,pct_one_dose,44.1788,India<br>2021-09-19: 44.18% with one dose<br>
India,2021-09-20,pct_one_dose,44.6107,India<br>2021-09-20: 44.61% with one dose<br>
India,2021-09-21,pct_one_dose,44.9636,India<br>2021-09-21: 44.96% with one dose<br>
India,2021-09-22,pct_one_dose,45.2653,India<br>2021-09-22: 45.27% with one dose<br>
India,2021-09-23,pct_one_dose,45.5865,India<br>2021-09-23: 45.59% with one dose<br>
India,2021-09-24,pct_one_dose,45.8992,India<br>2021-09-24: 45.9% with one dose<br>
India,2021-09-25,pct_one_dose,46.1668,India<br>2021-09-25: 46.17% with one dose<br>
India,2021-09-26,pct_one_dose,46.3413,India<br>2021-09-26: 46.34% with one dose<br>
India,2021-09-27,pct_one_dose,46.8096,India<br>2021-09-27: 46.81% with one dose<br>
India,2021-09-28,pct_one_dose,47.0474,India<br>2021-09-28: 47.05% with one dose<br>
India,2021-09-29,pct_one_dose,47.3116,India<br>2021-09-29: 47.31% with one dose<br>
India,2021-09-30,pct_one_dose,47.5864,India<br>2021-09-30: 47.59% with one dose<br>
India,2021-10-01,pct_one_dose,47.8867,India<br>2021-10-01: 47.89% with one dose<br>
India,2021-10-02,pct_one_dose,48.1754,India<br>2021-10-02: 48.18% with one dose<br>
India,2021-10-03,pct_one_dose,48.288,India<br>2021-10-03: 48.29% with one dose<br>
India,2021-10-04,pct_one_dose,48.5801,India<br>2021-10-04: 48.58% with one dose<br>
India,2021-10-05,pct_one_dose,48.8318,India<br>2021-10-05: 48.83% with one dose<br>
India,2021-10-06,pct_one_dose,49.0003,India<br>2021-10-06: 49% with one dose<br>
India,2021-10-07,pct_one_dose,49.2184,India<br>2021-10-07: 49.22% with one dose<br>
India,2021-10-08,pct_one_dose,49.5337,India<br>2021-10-08: 49.53% with one dose<br>
India,2021-10-09,pct_one_dose,49.8029,India<br>2021-10-09: 49.8% with one dose<br>
India,2021-10-10,pct_one_dose,49.9854,India<br>2021-10-10: 49.99% with one dose<br>
India,2021-10-11,pct_one_dose,50.2468,India<br>2021-10-11: 50.25% with one dose<br>
India,2021-10-12,pct_one_dose,50.2538,India<br>2021-10-12: 50.25% with one dose<br>
India,2021-10-13,pct_one_dose,50.3893,India<br>2021-10-13: 50.39% with one dose<br>
India,2021-10-14,pct_one_dose,50.5009,India<br>2021-10-14: 50.5% with one dose<br>
India,2021-10-15,pct_one_dose,50.5387,India<br>2021-10-15: 50.54% with one dose<br>
India,2021-10-16,pct_one_dose,50.657,India<br>2021-10-16: 50.66% with one dose<br>
India,2021-10-18,pct_one_dose,50.962,India<br>2021-10-18: 50.96% with one dose<br>
India,2021-10-19,pct_one_dose,51.1225,India<br>2021-10-19: 51.12% with one dose<br>
India,2021-10-20,pct_one_dose,51.2648,India<br>2021-10-20: 51.26% with one dose<br>
India,2021-10-21,pct_one_dose,51.7415,India<br>2021-10-21: 51.74% with one dose<br>
India,2021-10-22,pct_one_dose,51.9616,India<br>2021-10-22: 51.96% with one dose<br>
India,2021-10-23,pct_one_dose,52.2036,India<br>2021-10-23: 52.2% with one dose<br>
India,2021-10-24,pct_one_dose,52.2677,India<br>2021-10-24: 52.27% with one dose<br>
India,2021-10-25,pct_one_dose,52.4538,India<br>2021-10-25: 52.45% with one dose<br>
India,2021-10-26,pct_one_dose,52.6334,India<br>2021-10-26: 52.63% with one dose<br>
India,2021-10-27,pct_one_dose,52.7735,India<br>2021-10-27: 52.77% with one dose<br>
India,2021-10-28,pct_one_dose,52.9857,India<br>2021-10-28: 52.99% with one dose<br>
India,2021-10-29,pct_one_dose,53.1715,India<br>2021-10-29: 53.17% with one dose<br>
India,2021-10-30,pct_one_dose,53.3663,India<br>2021-10-30: 53.37% with one dose<br>
India,2021-10-31,pct_one_dose,53.4282,India<br>2021-10-31: 53.43% with one dose<br>
India,2021-11-01,pct_one_dose,53.5853,India<br>2021-11-01: 53.59% with one dose<br>
India,2021-11-02,pct_one_dose,53.7143,India<br>2021-11-02: 53.71% with one dose<br>
India,2021-11-03,pct_one_dose,53.811,India<br>2021-11-03: 53.81% with one dose<br>
India,2021-11-04,pct_one_dose,53.8364,India<br>2021-11-04: 53.84% with one dose<br>
India,2021-11-05,pct_one_dose,53.8882,India<br>2021-11-05: 53.89% with one dose<br>
India,2021-11-06,pct_one_dose,53.9462,India<br>2021-11-06: 53.95% with one dose<br>
India,2021-11-07,pct_one_dose,54.01,India<br>2021-11-07: 54.01% with one dose<br>
India,2021-11-08,pct_one_dose,54.1419,India<br>2021-11-08: 54.14% with one dose<br>
India,2021-11-09,pct_one_dose,54.2625,India<br>2021-11-09: 54.26% with one dose<br>
India,2021-11-10,pct_one_dose,54.3712,India<br>2021-11-10: 54.37% with one dose<br>
India,2021-11-11,pct_one_dose,54.4797,India<br>2021-11-11: 54.48% with one dose<br>
India,2021-11-12,pct_one_dose,54.6122,India<br>2021-11-12: 54.61% with one dose<br>
India,2021-11-13,pct_one_dose,54.7409,India<br>2021-11-13: 54.74% with one dose<br>
India,2021-11-14,pct_one_dose,54.8211,India<br>2021-11-14: 54.82% with one dose<br>
India,2021-11-15,pct_one_dose,54.9661,India<br>2021-11-15: 54.97% with one dose<br>
India,2021-11-16,pct_one_dose,55.1307,India<br>2021-11-16: 55.13% with one dose<br>
India,2021-11-17,pct_one_dose,55.2861,India<br>2021-11-17: 55.29% with one dose<br>
India,2021-11-18,pct_one_dose,55.4632,India<br>2021-11-18: 55.46% with one dose<br>
India,2021-11-19,pct_one_dose,55.6049,India<br>2021-11-19: 55.6% with one dose<br>
India,2021-11-20,pct_one_dose,55.7671,India<br>2021-11-20: 55.77% with one dose<br>
India,2021-11-21,pct_one_dose,55.8756,India<br>2021-11-21: 55.88% with one dose<br>
India,2021-11-22,pct_one_dose,56.0533,India<br>2021-11-22: 56.05% with one dose<br>
India,2021-11-23,pct_one_dose,56.2454,India<br>2021-11-23: 56.25% with one dose<br>
India,2021-11-24,pct_one_dose,56.4405,India<br>2021-11-24: 56.44% with one dose<br>
India,2021-11-25,pct_one_dose,56.6494,India<br>2021-11-25: 56.65% with one dose<br>
India,2021-11-26,pct_one_dose,56.8348,India<br>2021-11-26: 56.83% with one dose<br>
India,2021-11-27,pct_one_dose,57.0375,India<br>2021-11-27: 57.04% with one dose<br>
India,2021-11-28,pct_one_dose,57.1734,India<br>2021-11-28: 57.17% with one dose<br>
India,2021-11-29,pct_one_dose,57.3606,India<br>2021-11-29: 57.36% with one dose<br>
India,2021-11-30,pct_one_dose,57.5658,India<br>2021-11-30: 57.57% with one dose<br>
India,2021-12-01,pct_one_dose,57.7353,India<br>2021-12-01: 57.74% with one dose<br>
India,2021-12-02,pct_one_dose,57.9028,India<br>2021-12-02: 57.9% with one dose<br>
India,2021-12-03,pct_one_dose,58.0772,India<br>2021-12-03: 58.08% with one dose<br>
India,2021-12-04,pct_one_dose,58.2976,India<br>2021-12-04: 58.3% with one dose<br>
India,2021-12-05,pct_one_dose,58.3889,India<br>2021-12-05: 58.39% with one dose<br>
India,2021-12-06,pct_one_dose,58.5635,India<br>2021-12-06: 58.56% with one dose<br>
India,2021-12-07,pct_one_dose,58.7426,India<br>2021-12-07: 58.74% with one dose<br>
India,2021-12-08,pct_one_dose,58.9174,India<br>2021-12-08: 58.92% with one dose<br>
India,2021-12-09,pct_one_dose,59.0873,India<br>2021-12-09: 59.09% with one dose<br>
India,2021-12-10,pct_one_dose,59.2506,India<br>2021-12-10: 59.25% with one dose<br>
India,2021-12-11,pct_one_dose,59.4317,India<br>2021-12-11: 59.43% with one dose<br>
India,2021-12-12,pct_one_dose,59.5061,India<br>2021-12-12: 59.51% with one dose<br>
India,2021-12-13,pct_one_dose,59.6466,India<br>2021-12-13: 59.65% with one dose<br>
India,2021-12-14,pct_one_dose,59.6609,India<br>2021-12-14: 59.66% with one dose<br>
India,2021-12-15,pct_one_dose,59.8063,India<br>2021-12-15: 59.81% with one dose<br>
India,2021-12-16,pct_one_dose,59.9281,India<br>2021-12-16: 59.93% with one dose<br>
India,2021-12-17,pct_one_dose,60.052,India<br>2021-12-17: 60.05% with one dose<br>
India,2021-12-18,pct_one_dose,60.1693,India<br>2021-12-18: 60.17% with one dose<br>
India,2021-12-19,pct_one_dose,60.3096,India<br>2021-12-19: 60.31% with one dose<br>
India,2021-12-20,pct_one_dose,60.3566,India<br>2021-12-20: 60.36% with one dose<br>
India,2021-12-21,pct_one_dose,60.4707,India<br>2021-12-21: 60.47% with one dose<br>
India,2021-12-22,pct_one_dose,60.5763,India<br>2021-12-22: 60.58% with one dose<br>
India,2021-12-23,pct_one_dose,60.6878,India<br>2021-12-23: 60.69% with one dose<br>
India,2021-12-24,pct_one_dose,60.7928,India<br>2021-12-24: 60.79% with one dose<br>
India,2021-12-25,pct_one_dose,60.9112,India<br>2021-12-25: 60.91% with one dose<br>
India,2021-12-26,pct_one_dose,60.9851,India<br>2021-12-26: 60.99% with one dose<br>
India,2021-12-27,pct_one_dose,61.0544,India<br>2021-12-27: 61.05% with one dose<br>
India,2021-12-28,pct_one_dose,61.1837,India<br>2021-12-28: 61.18% with one dose<br>
India,2021-12-29,pct_one_dose,61.3099,India<br>2021-12-29: 61.31% with one dose<br>
India,2021-12-30,pct_one_dose,61.4293,India<br>2021-12-30: 61.43% with one dose<br>
India,2021-12-31,pct_one_dose,61.5574,India<br>2021-12-31: 61.56% with one dose<br>
India,2022-01-03,pct_one_dose,62.2301,India<br>2022-01-03: 62.23% with one dose<br>
India,2022-01-04,pct_one_dose,62.7247,India<br>2022-01-04: 62.72% with one dose<br>
India,2022-01-05,pct_one_dose,63.2077,India<br>2022-01-05: 63.21% with one dose<br>
India,2022-01-06,pct_one_dose,63.6853,India<br>2022-01-06: 63.69% with one dose<br>
India,2022-01-07,pct_one_dose,64.1116,India<br>2022-01-07: 64.11% with one dose<br>
India,2022-01-08,pct_one_dose,64.4944,India<br>2022-01-08: 64.49% with one dose<br>
India,2022-01-09,pct_one_dose,64.634,India<br>2022-01-09: 64.63% with one dose<br>
India,2022-01-11,pct_one_dose,64.9936,India<br>2022-01-11: 64.99% with one dose<br>
India,2022-01-12,pct_one_dose,65.5554,India<br>2022-01-12: 65.56% with one dose<br>
India,2022-01-13,pct_one_dose,65.5588,India<br>2022-01-13: 65.56% with one dose<br>
India,2022-01-14,pct_one_dose,65.992,India<br>2022-01-14: 65.99% with one dose<br>
India,2022-01-15,pct_one_dose,66.0096,India<br>2022-01-15: 66.01% with one dose<br>
India,2022-01-16,pct_one_dose,66.2488,India<br>2022-01-16: 66.25% with one dose<br>
India,2022-01-17,pct_one_dose,66.4003,India<br>2022-01-17: 66.4% with one dose<br>
India,2022-01-18,pct_one_dose,66.6463,India<br>2022-01-18: 66.65% with one dose<br>
India,2022-01-19,pct_one_dose,66.8882,India<br>2022-01-19: 66.89% with one dose<br>
India,2022-01-20,pct_one_dose,67.11,India<br>2022-01-20: 67.11% with one dose<br>
India,2022-01-21,pct_one_dose,67.3187,India<br>2022-01-21: 67.32% with one dose<br>
India,2022-01-22,pct_one_dose,67.5097,India<br>2022-01-22: 67.51% with one dose<br>
India,2022-01-23,pct_one_dose,67.7021,India<br>2022-01-23: 67.7% with one dose<br>
India,2022-01-24,pct_one_dose,67.7893,India<br>2022-01-24: 67.79% with one dose<br>
India,2022-01-25,pct_one_dose,67.9435,India<br>2022-01-25: 67.94% with one dose<br>
India,2022-01-26,pct_one_dose,68.0989,India<br>2022-01-26: 68.1% with one dose<br>
India,2022-01-27,pct_one_dose,68.1534,India<br>2022-01-27: 68.15% with one dose<br>
India,2022-01-28,pct_one_dose,68.2865,India<br>2022-01-28: 68.29% with one dose<br>
India,2022-01-29,pct_one_dose,68.4114,India<br>2022-01-29: 68.41% with one dose<br>
India,2022-01-30,pct_one_dose,68.5572,India<br>2022-01-30: 68.56% with one dose<br>
India,2022-01-31,pct_one_dose,68.6403,India<br>2022-01-31: 68.64% with one dose<br>
India,2021-03-15,pct_two_doses,0.4294,India<br>2021-03-15: 0.43% with two doses<br>
India,2021-03-16,pct_two_doses,0.4539,India<br>2021-03-16: 0.45% with two doses<br>
India,2021-03-17,pct_two_doses,0.4788,India<br>2021-03-17: 0.48% with two doses<br>
India,2021-03-18,pct_two_doses,0.506,India<br>2021-03-18: 0.51% with two doses<br>
India,2021-03-19,pct_two_doses,0.5285,India<br>2021-03-19: 0.53% with two doses<br>
India,2021-03-20,pct_two_doses,0.5473,India<br>2021-03-20: 0.55% with two doses<br>
India,2021-03-21,pct_two_doses,0.5483,India<br>2021-03-21: 0.55% with two doses<br>
India,2021-03-22,pct_two_doses,0.5755,India<br>2021-03-22: 0.58% with two doses<br>
India,2021-03-23,pct_two_doses,0.5935,India<br>2021-03-23: 0.59% with two doses<br>
India,2021-03-24,pct_two_doses,0.6074,India<br>2021-03-24: 0.61% with two doses<br>
India,2021-03-25,pct_two_doses,0.6223,India<br>2021-03-25: 0.62% with two doses<br>
India,2021-03-26,pct_two_doses,0.6355,India<br>2021-03-26: 0.64% with two doses<br>
India,2021-03-27,pct_two_doses,0.6461,India<br>2021-03-27: 0.65% with two doses<br>
India,2021-03-28,pct_two_doses,0.6492,India<br>2021-03-28: 0.65% with two doses<br>
India,2021-03-29,pct_two_doses,0.6515,India<br>2021-03-29: 0.65% with two doses<br>
India,2021-03-30,pct_two_doses,0.6634,India<br>2021-03-30: 0.66% with two doses<br>
India,2021-03-31,pct_two_doses,0.6832,India<br>2021-03-31: 0.68% with two doses<br>
India,2021-04-01,pct_two_doses,0.7055,India<br>2021-04-01: 0.71% with two doses<br>
India,2021-04-02,pct_two_doses,0.7298,India<br>2021-04-02: 0.73% with two doses<br>
India,2021-04-03,pct_two_doses,0.7494,India<br>2021-04-03: 0.75% with two doses<br>
India,2021-04-04,pct_two_doses,0.763,India<br>2021-04-04: 0.76% with two doses<br>
India,2021-04-05,pct_two_doses,0.7928,India<br>2021-04-05: 0.79% with two doses<br>
India,2021-04-06,pct_two_doses,0.8153,India<br>2021-04-06: 0.82% with two doses<br>
India,2021-04-07,pct_two_doses,0.8369,India<br>2021-04-07: 0.84% with two doses<br>
India,2021-04-08,pct_two_doses,0.8693,India<br>2021-04-08: 0.87% with two doses<br>
India,2021-04-09,pct_two_doses,0.901,India<br>2021-04-09: 0.9% with two doses<br>
India,2021-04-10,pct_two_doses,0.9301,India<br>2021-04-10: 0.93% with two doses<br>
India,2021-04-11,pct_two_doses,0.9471,India<br>2021-04-11: 0.95% with two doses<br>
India,2021-04-12,pct_two_doses,0.9873,India<br>2021-04-12: 0.99% with two doses<br>
India,2021-04-13,pct_two_doses,1.0156,India<br>2021-04-13: 1.02% with two doses<br>
India,2021-04-14,pct_two_doses,1.0476,India<br>2021-04-14: 1.05% with two doses<br>
India,2021-04-15,pct_two_doses,1.0886,India<br>2021-04-15: 1.09% with two doses<br>
India,2021-04-16,pct_two_doses,1.1365,India<br>2021-04-16: 1.14% with two doses<br>
India,2021-04-17,pct_two_doses,1.185,India<br>2021-04-17: 1.19% with two doses<br>
India,2021-04-18,pct_two_doses,1.2061,India<br>2021-04-18: 1.21% with two doses<br>
India,2021-04-19,pct_two_doses,1.2785,India<br>2021-04-19: 1.28% with two doses<br>
India,2021-04-20,pct_two_doses,1.352,India<br>2021-04-20: 1.35% with two doses<br>
India,2021-04-21,pct_two_doses,1.4039,India<br>2021-04-21: 1.4% with two doses<br>
India,2021-04-22,pct_two_doses,1.4933,India<br>2021-04-22: 1.49% with two doses<br>
India,2021-04-23,pct_two_doses,1.5693,India<br>2021-04-23: 1.57% with two doses<br>
India,2021-04-24,pct_two_doses,1.6346,India<br>2021-04-24: 1.63% with two doses<br>
India,2021-04-25,pct_two_doses,1.6573,India<br>2021-04-25: 1.66% with two doses<br>
India,2021-04-26,pct_two_doses,1.7498,India<br>2021-04-26: 1.75% with two doses<br>
India,2021-04-27,pct_two_doses,1.8221,India<br>2021-04-27: 1.82% with two doses<br>
India,2021-04-28,pct_two_doses,1.8888,India<br>2021-04-28: 1.89% with two doses<br>
India,2021-04-29,pct_two_doses,1.9583,India<br>2021-04-29: 1.96% with two doses<br>
India,2021-04-30,pct_two_doses,2.0442,India<br>2021-04-30: 2.04% with two doses<br>
India,2021-05-01,pct_two_doses,2.0963,India<br>2021-05-01: 2.1% with two doses<br>
India,2021-05-02,pct_two_doses,2.1095,India<br>2021-05-02: 2.11% with two doses<br>
India,2021-05-03,pct_two_doses,2.174,India<br>2021-05-03: 2.17% with two doses<br>
India,2021-05-04,pct_two_doses,2.2284,India<br>2021-05-04: 2.23% with two doses<br>
India,2021-05-05,pct_two_doses,2.3081,India<br>2021-05-05: 2.31% with two doses<br>
India,2021-05-06,pct_two_doses,2.4067,India<br>2021-05-06: 2.41% with two doses<br>
India,2021-05-07,pct_two_doses,2.5054,India<br>2021-05-07: 2.51% with two doses<br>
India,2021-05-08,pct_two_doses,2.595,India<br>2021-05-08: 2.6% with two doses<br>
India,2021-05-09,pct_two_doses,2.6179,India<br>2021-05-09: 2.62% with two doses<br>
India,2021-05-10,pct_two_doses,2.7236,India<br>2021-05-10: 2.72% with two doses<br>
India,2021-05-11,pct_two_doses,2.8261,India<br>2021-05-11: 2.83% with two doses<br>
India,2021-05-12,pct_two_doses,2.8949,India<br>2021-05-12: 2.89% with two doses<br>
India,2021-05-13,pct_two_doses,2.9697,India<br>2021-05-13: 2.97% with two doses<br>
India,2021-05-14,pct_two_doses,3.0065,India<br>2021-05-14: 3.01% with two doses<br>
India,2021-05-15,pct_two_doses,2.6242,India<br>2021-05-15: 2.62% with two doses<br>
India,2021-05-16,pct_two_doses,3.0575,India<br>2021-05-16: 3.06% with two doses<br>
India,2021-05-17,pct_two_doses,3.0756,India<br>2021-05-17: 3.08% with two doses<br>
India,2021-05-18,pct_two_doses,3.0902,India<br>2021-05-18: 3.09% with two doses<br>
India,2021-05-19,pct_two_doses,3.102,India<br>2021-05-19: 3.1% with two doses<br>
India,2021-05-20,pct_two_doses,3.1234,India<br>2021-05-20: 3.12% with two doses<br>
India,2021-05-21,pct_two_doses,3.1375,India<br>2021-05-21: 3.14% with two doses<br>
India,2021-05-22,pct_two_doses,3.1512,India<br>2021-05-22: 3.15% with two doses<br>
India,2021-05-23,pct_two_doses,3.1558,India<br>2021-05-23: 3.16% with two doses<br>
India,2021-05-24,pct_two_doses,3.1691,India<br>2021-05-24: 3.17% with two doses<br>
India,2021-05-25,pct_two_doses,3.1844,India<br>2021-05-25: 3.18% with two doses<br>
India,2021-05-26,pct_two_doses,3.196,India<br>2021-05-26: 3.2% with two doses<br>
India,2021-05-27,pct_two_doses,3.2106,India<br>2021-05-27: 3.21% with two doses<br>
India,2021-05-28,pct_two_doses,3.2291,India<br>2021-05-28: 3.23% with two doses<br>
India,2021-05-29,pct_two_doses,3.253,India<br>2021-05-29: 3.25% with two doses<br>
India,2021-05-30,pct_two_doses,3.2597,India<br>2021-05-30: 3.26% with two doses<br>
India,2021-05-31,pct_two_doses,3.282,India<br>2021-05-31: 3.28% with two doses<br>
India,2021-06-01,pct_two_doses,3.3032,India<br>2021-06-01: 3.3% with two doses<br>
India,2021-06-02,pct_two_doses,3.321,India<br>2021-06-02: 3.32% with two doses<br>
India,2021-06-03,pct_two_doses,3.3389,India<br>2021-06-03: 3.34% with two doses<br>
India,2021-06-04,pct_two_doses,3.3597,India<br>2021-06-04: 3.36% with two doses<br>
India,2021-06-05,pct_two_doses,3.3799,India<br>2021-06-05: 3.38% with two doses<br>
India,2021-06-06,pct_two_doses,3.3864,India<br>2021-06-06: 3.39% with two doses<br>
India,2021-06-07,pct_two_doses,3.4106,India<br>2021-06-07: 3.41% with two doses<br>
India,2021-06-08,pct_two_doses,3.4339,India<br>2021-06-08: 3.43% with two doses<br>
India,2021-06-09,pct_two_doses,3.4575,India<br>2021-06-09: 3.46% with two doses<br>
India,2021-06-10,pct_two_doses,3.4817,India<br>2021-06-10: 3.48% with two doses<br>
India,2021-06-11,pct_two_doses,3.5063,India<br>2021-06-11: 3.51% with two doses<br>
India,2021-06-12,pct_two_doses,3.5349,India<br>2021-06-12: 3.53% with two doses<br>
India,2021-06-13,pct_two_doses,3.5479,India<br>2021-06-13: 3.55% with two doses<br>
India,2021-06-14,pct_two_doses,3.577,India<br>2021-06-14: 3.58% with two doses<br>
India,2021-06-15,pct_two_doses,3.6072,India<br>2021-06-15: 3.61% with two doses<br>
India,2021-06-16,pct_two_doses,3.6351,India<br>2021-06-16: 3.64% with two doses<br>
India,2021-06-17,pct_two_doses,3.6656,India<br>2021-06-17: 3.67% with two doses<br>
India,2021-06-18,pct_two_doses,3.6949,India<br>2021-06-18: 3.69% with two doses<br>
India,2021-06-19,pct_two_doses,3.7329,India<br>2021-06-19: 3.73% with two doses<br>
India,2021-06-20,pct_two_doses,3.754,India<br>2021-06-20: 3.75% with two doses<br>
India,2021-06-21,pct_two_doses,3.8118,India<br>2021-06-21: 3.81% with two doses<br>
India,2021-06-22,pct_two_doses,3.8601,India<br>2021-06-22: 3.86% with two doses<br>
India,2021-06-23,pct_two_doses,3.9081,India<br>2021-06-23: 3.91% with two doses<br>
India,2021-06-24,pct_two_doses,3.9674,India<br>2021-06-24: 3.97% with two doses<br>
India,2021-06-25,pct_two_doses,4.0406,India<br>2021-06-25: 4.04% with two doses<br>
India,2021-06-26,pct_two_doses,4.1258,India<br>2021-06-26: 4.13% with two doses<br>
India,2021-06-27,pct_two_doses,4.1517,India<br>2021-06-27: 4.15% with two doses<br>
India,2021-06-28,pct_two_doses,4.2372,India<br>2021-06-28: 4.24% with two doses<br>
India,2021-06-29,pct_two_doses,4.3062,India<br>2021-06-29: 4.31% with two doses<br>
India,2021-06-30,pct_two_doses,4.363,India<br>2021-06-30: 4.36% with two doses<br>
India,2021-07-01,pct_two_doses,4.4366,India<br>2021-07-01: 4.44% with two doses<br>
India,2021-07-02,pct_two_doses,4.5277,India<br>2021-07-02: 4.53% with two doses<br>
India,2021-07-03,pct_two_doses,4.6899,India<br>2021-07-03: 4.69% with two doses<br>
India,2021-07-04,pct_two_doses,4.7254,India<br>2021-07-04: 4.73% with two doses<br>
India,2021-07-05,pct_two_doses,4.858,India<br>2021-07-05: 4.86% with two doses<br>
India,2021-07-06,pct_two_doses,4.9485,India<br>2021-07-06: 4.95% with two doses<br>
India,2021-07-07,pct_two_doses,5.0466,India<br>2021-07-07: 5.05% with two doses<br>
India,2021-07-08,pct_two_doses,5.1457,India<br>2021-07-08: 5.15% with two doses<br>
India,2021-07-09,pct_two_doses,5.2293,India<br>2021-07-09: 5.23% with two doses<br>
India,2021-07-10,pct_two_doses,5.3323,India<br>2021-07-10: 5.33% with two doses<br>
India,2021-07-11,pct_two_doses,5.3669,India<br>2021-07-11: 5.37% with two doses<br>
India,2021-07-12,pct_two_doses,5.4782,India<br>2021-07-12: 5.48% with two doses<br>
India,2021-07-13,pct_two_doses,5.5847,India<br>2021-07-13: 5.58% with two doses<br>
India,2021-07-14,pct_two_doses,5.6945,India<br>2021-07-14: 5.69% with two doses<br>
India,2021-07-15,pct_two_doses,5.7982,India<br>2021-07-15: 5.8% with two doses<br>
India,2021-07-16,pct_two_doses,5.9302,India<br>2021-07-16: 5.93% with two doses<br>
India,2021-07-17,pct_two_doses,6.0771,India<br>2021-07-17: 6.08% with two doses<br>
India,2021-07-18,pct_two_doses,6.1136,India<br>2021-07-18: 6.11% with two doses<br>
India,2021-07-19,pct_two_doses,6.2538,India<br>2021-07-19: 6.25% with two doses<br>
India,2021-07-20,pct_two_doses,6.3492,India<br>2021-07-20: 6.35% with two doses<br>
India,2021-07-21,pct_two_doses,6.4103,India<br>2021-07-21: 6.41% with two doses<br>
India,2021-07-22,pct_two_doses,6.5479,India<br>2021-07-22: 6.55% with two doses<br>
India,2021-07-23,pct_two_doses,6.6643,India<br>2021-07-23: 6.66% with two doses<br>
India,2021-07-24,pct_two_doses,6.7888,India<br>2021-07-24: 6.79% with two doses<br>
India,2021-07-25,pct_two_doses,6.8349,India<br>2021-07-25: 6.83% with two doses<br>
India,2021-07-26,pct_two_doses,6.9815,India<br>2021-07-26: 6.98% with two doses<br>
India,2021-07-27,pct_two_doses,7.0866,India<br>2021-07-27: 7.09% with two doses<br>
India,2021-07-28,pct_two_doses,7.1838,India<br>2021-07-28: 7.18% with two doses<br>
India,2021-07-29,pct_two_doses,7.3106,India<br>2021-07-29: 7.31% with two doses<br>
India,2021-07-30,pct_two_doses,7.4427,India<br>2021-07-30: 7.44% with two doses<br>
India,2021-07-31,pct_two_doses,7.574,India<br>2021-07-31: 7.57% with two doses<br>
India,2021-08-01,pct_two_doses,7.6279,India<br>2021-08-01: 7.63% with two doses<br>
India,2021-08-02,pct_two_doses,7.7514,India<br>2021-08-02: 7.75% with two doses<br>
India,2021-08-03,pct_two_doses,7.845,India<br>2021-08-03: 7.84% with two doses<br>
India,2021-08-04,pct_two_doses,7.9197,India<br>2021-08-04: 7.92% with two doses<br>
India,2021-08-05,pct_two_doses,8.028,India<br>2021-08-05: 8.03% with two doses<br>
India,2021-08-06,pct_two_doses,8.1211,India<br>2021-08-06: 8.12% with two doses<br>
India,2021-08-07,pct_two_doses,8.2283,India<br>2021-08-07: 8.23% with two doses<br>
India,2021-08-08,pct_two_doses,8.2696,India<br>2021-08-08: 8.27% with two doses<br>
India,2021-08-09,pct_two_doses,8.368,India<br>2021-08-09: 8.37% with two doses<br>
India,2021-08-10,pct_two_doses,8.4516,India<br>2021-08-10: 8.45% with two doses<br>
India,2021-08-11,pct_two_doses,8.5399,India<br>2021-08-11: 8.54% with two doses<br>
India,2021-08-12,pct_two_doses,8.6323,India<br>2021-08-12: 8.63% with two doses<br>
India,2021-08-13,pct_two_doses,8.7341,India<br>2021-08-13: 8.73% with two doses<br>
India,2021-08-14,pct_two_doses,8.8751,India<br>2021-08-14: 8.88% with two doses<br>
India,2021-08-15,pct_two_doses,8.9127,India<br>2021-08-15: 8.91% with two doses<br>
India,2021-08-16,pct_two_doses,9.0409,India<br>2021-08-16: 9.04% with two doses<br>
India,2021-08-17,pct_two_doses,9.143,India<br>2021-08-17: 9.14% with two doses<br>
India,2021-08-18,pct_two_doses,9.2495,India<br>2021-08-18: 9.25% with two doses<br>
India,2021-08-19,pct_two_doses,9.3526,India<br>2021-08-19: 9.35% with two doses<br>
India,2021-08-20,pct_two_doses,9.4271,India<br>2021-08-20: 9.43% with two doses<br>
India,2021-08-21,pct_two_doses,9.5676,India<br>2021-08-21: 9.57% with two doses<br>
India,2021-08-22,pct_two_doses,9.5898,India<br>2021-08-22: 9.59% with two doses<br>
India,2021-08-23,pct_two_doses,9.7223,India<br>2021-08-23: 9.72% with two doses<br>
India,2021-08-24,pct_two_doses,9.858,India<br>2021-08-24: 9.86% with two doses<br>
India,2021-08-25,pct_two_doses,10.0237,India<br>2021-08-25: 10.02% with two doses<br>
India,2021-08-26,pct_two_doses,10.1996,India<br>2021-08-26: 10.2% with two doses<br>
India,2021-08-27,pct_two_doses,10.4004,India<br>2021-08-27: 10.4% with two doses<br>
India,2021-08-29,pct_two_doses,10.6757,India<br>2021-08-29: 10.68% with two doses<br>
India,2021-08-30,pct_two_doses,10.7952,India<br>2021-08-30: 10.8% with two doses<br>
India,2021-08-31,pct_two_doses,11.0348,India<br>2021-08-31: 11.03% with two doses<br>
India,2021-09-01,pct_two_doses,11.2146,India<br>2021-09-01: 11.21% with two doses<br>
India,2021-09-02,pct_two_doses,11.3749,India<br>2021-09-02: 11.37% with two doses<br>
India,2021-09-03,pct_two_doses,11.5151,India<br>2021-09-03: 11.52% with two doses<br>
India,2021-09-04,pct_two_doses,11.7184,India<br>2021-09-04: 11.72% with two doses<br>
India,2021-09-05,pct_two_doses,11.7943,India<br>2021-09-05: 11.79% with two doses<br>
India,2021-09-06,pct_two_doses,12.0276,India<br>2021-09-06: 12.03% with two doses<br>
India,2021-09-07,pct_two_doses,12.2207,India<br>2021-09-07: 12.22% with two doses<br>
India,2021-09-08,pct_two_doses,12.4194,India<br>2021-09-08: 12.42% with two doses<br>
India,2021-09-09,pct_two_doses,12.5834,India<br>2021-09-09: 12.58% with two doses<br>
India,2021-09-10,pct_two_doses,12.7376,India<br>2021-09-10: 12.74% with two doses<br>
India,2021-09-11,pct_two_doses,12.9613,India<br>2021-09-11: 12.96% with two doses<br>
India,2021-09-12,pct_two_doses,13.1002,India<br>2021-09-12: 13.1% with two doses<br>
India,2021-09-13,pct_two_doses,13.2995,India<br>2021-09-13: 13.3% with two doses<br>
India,2021-09-14,pct_two_doses,13.4845,India<br>2021-09-14: 13.48% with two doses<br>
India,2021-09-15,pct_two_doses,13.6906,India<br>2021-09-15: 13.69% with two doses<br>
India,2021-09-16,pct_two_doses,13.8917,India<br>2021-09-16: 13.89% with two doses<br>
India,2021-09-17,pct_two_doses,14.5795,India<br>2021-09-17: 14.58% with two doses<br>
India,2021-09-18,pct_two_doses,14.8802,India<br>2021-09-18: 14.88% with two doses<br>
India,2021-09-19,pct_two_doses,14.9955,India<br>2021-09-19: 15% with two doses<br>
India,2021-09-20,pct_two_doses,15.2915,India<br>2021-09-20: 15.29% with two doses<br>
India,2021-09-21,pct_two_doses,15.5242,India<br>2021-09-21: 15.52% with two doses<br>
India,2021-09-22,pct_two_doses,15.7695,India<br>2021-09-22: 15.77% with two doses<br>
India,2021-09-23,pct_two_doses,15.9992,India<br>2021-09-23: 16% with two doses<br>
India,2021-09-24,pct_two_doses,16.2289,India<br>2021-09-24: 16.23% with two doses<br>
India,2021-09-25,pct_two_doses,16.4847,India<br>2021-09-25: 16.48% with two doses<br>
India,2021-09-26,pct_two_doses,16.6086,India<br>2021-09-26: 16.61% with two doses<br>
India,2021-09-27,pct_two_doses,16.9124,India<br>2021-09-27: 16.91% with two doses<br>
India,2021-09-28,pct_two_doses,17.1104,India<br>2021-09-28: 17.11% with two doses<br>
India,2021-09-29,pct_two_doses,17.3444,India<br>2021-09-29: 17.34% with two doses<br>
India,2021-09-30,pct_two_doses,17.5626,India<br>2021-09-30: 17.56% with two doses<br>
India,2021-10-01,pct_two_doses,17.7947,India<br>2021-10-01: 17.79% with two doses<br>
India,2021-10-02,pct_two_doses,18.069,India<br>2021-10-02: 18.07% with two doses<br>
India,2021-10-03,pct_two_doses,18.1583,India<br>2021-10-03: 18.16% with two doses<br>
India,2021-10-04,pct_two_doses,18.4174,India<br>2021-10-04: 18.42% with two doses<br>
India,2021-10-05,pct_two_doses,18.6267,India<br>2021-10-05: 18.63% with two doses<br>
India,2021-10-06,pct_two_doses,18.7951,India<br>2021-10-06: 18.8% with two doses<br>
India,2021-10-07,pct_two_doses,18.9684,India<br>2021-10-07: 18.97% with two doses<br>
India,2021-10-08,pct_two_doses,19.2531,India<br>2021-10-08: 19.25% with two doses<br>
India,2021-10-09,pct_two_doses,19.5031,India<br>2021-10-09: 19.5% with two doses<br>
India,2021-10-10,pct_two_doses,19.6847,India<br>2021-10-10: 19.68% with two doses<br>
India,2021-10-11,pct_two_doses,19.9352,India<br>2021-10-11: 19.94% with two doses<br>
India,2021-10-12,pct_two_doses,19.9969,India<br>2021-10-12: 20% with two doses<br>
India,2021-10-13,pct_two_doses,20.1483,India<br>2021-10-13: 20.15% with two doses<br>
India,2021-10-14,pct_two_doses,20.2794,India<br>2021-10-14: 20.28% with two doses<br>
India,2021-10-15,pct_two_doses,20.3272,India<br>2021-10-15: 20.33% with two doses<br>
India,2021-10-16,pct_two_doses,20.5019,India<br>2021-10-16: 20.5% with two doses<br>
India,2021-10-18,pct_two_doses,20.9076,India<br>2021-10-18: 20.91% with two doses<br>
India,2021-10-19,pct_two_doses,21.1059,India<br>2021-10-19: 21.11% with two doses<br>
India,2021-10-20,pct_two_doses,21.2996,India<br>2021-10-20: 21.3% with two doses<br>
India,2021-10-21,pct_two_doses,21.5758,India<br>2021-10-21: 21.58% with two doses<br>
India,2021-10-22,pct_two_doses,21.8745,India<br>2021-10-22: 21.87% with two doses<br>
India,2021-10-23,pct_two_doses,22.2156,India<br>2021-10-23: 22.22% with two doses<br>
India,2021-10-24,pct_two_doses,22.2928,India<br>2021-10-24: 22.29% with two doses<br>
India,2021-10-25,pct_two_doses,22.5713,India<br>2021-10-25: 22.57% with two doses<br>
India,2021-10-26,pct_two_doses,22.8388,India<br>2021-10-26: 22.84% with two doses<br>
India,2021-10-27,pct_two_doses,23.073,India<br>2021-10-27: 23.07% with two doses<br>
India,2021-10-28,pct_two_doses,23.414,India<br>2021-10-28: 23.41% with two doses<br>
India,2021-10-29,pct_two_doses,23.6864,India<br>2021-10-29: 23.69% with two doses<br>
India,2021-10-30,pct_two_doses,24.0081,India<br>2021-10-30: 24.01% with two doses<br>
India,2021-10-31,pct_two_doses,24.0854,India<br>2021-10-31: 24.09% with two doses<br>
India,2021-11-01,pct_two_doses,24.3126,India<br>2021-11-01: 24.31% with two doses<br>
India,2021-11-02,pct_two_doses,24.514,India<br>2021-11-02: 24.51% with two doses<br>
India,2021-11-03,pct_two_doses,24.6632,India<br>2021-11-03: 24.66% with two doses<br>
India,2021-11-04,pct_two_doses,24.7019,India<br>2021-11-04: 24.7% with two doses<br>
India,2021-11-05,pct_two_doses,24.8026,India<br>2021-11-05: 24.8% with two doses<br>
India,2021-11-06,pct_two_doses,24.9609,India<br>2021-11-06: 24.96% with two doses<br>
India,2021-11-07,pct_two_doses,25.0831,India<br>2021-11-07: 25.08% with two doses<br>
India,2021-11-08,pct_two_doses,25.3877,India<br>2021-11-08: 25.39% with two doses<br>
India,2021-11-09,pct_two_doses,25.6782,India<br>2021-11-09: 25.68% with two doses<br>
India,2021-11-10,pct_two_doses,26.005,India<br>2021-11-10: 26% with two doses<br>
India,2021-11-11,pct_two_doses,26.3065,India<br>2021-11-11: 26.31% with two doses<br>
India,2021-11-12,pct_two_doses,26.6189,India<br>2021-11-12: 26.62% with two doses<br>
India,2021-11-13,pct_two_doses,26.9332,India<br>2021-11-13: 26.93% with two doses<br>
India,2021-11-14,pct_two_doses,27.0995,India<br>2021-11-14: 27.1% with two doses<br>
India,2021-11-15,pct_two_doses,27.4095,India<br>2021-11-15: 27.41% with two doses<br>
India,2021-11-16,pct_two_doses,27.7638,India<br>2021-11-16: 27.76% with two doses<br>
India,2021-11-17,pct_two_doses,28.1705,India<br>2021-11-17: 28.17% with two doses<br>
India,2021-11-18,pct_two_doses,28.5556,India<br>2021-11-18: 28.56% with two doses<br>
India,2021-11-19,pct_two_doses,28.8343,India<br>2021-11-19: 28.83% with two doses<br>
India,2021-11-20,pct_two_doses,29.184,India<br>2021-11-20: 29.18% with two doses<br>
India,2021-11-21,pct_two_doses,29.3585,India<br>2021-11-21: 29.36% with two doses<br>
India,2021-11-22,pct_two_doses,29.7212,India<br>2021-11-22: 29.72% with two doses<br>
India,2021-11-23,pct_two_doses,30.1231,India<br>2021-11-23: 30.12% with two doses<br>
India,2021-11-24,pct_two_doses,30.6123,India<br>2021-11-24: 30.61% with two doses<br>
India,2021-11-25,pct_two_doses,31.059,India<br>2021-11-25: 31.06% with two doses<br>
India,2021-11-26,pct_two_doses,31.4479,India<br>2021-11-26: 31.45% with two doses<br>
India,2021-11-27,pct_two_doses,31.8861,India<br>2021-11-27: 31.89% with two doses<br>
India,2021-11-28,pct_two_doses,32.1083,India<br>2021-11-28: 32.11% with two doses<br>
India,2021-11-29,pct_two_doses,32.5187,India<br>2021-11-29: 32.52% with two doses<br>
India,2021-11-30,pct_two_doses,32.9485,India<br>2021-11-30: 32.95% with two doses<br>
India,2021-12-01,pct_two_doses,33.3986,India<br>2021-12-01: 33.4% with two doses<br>
India,2021-12-02,pct_two_doses,33.8091,India<br>2021-12-02: 33.81% with two doses<br>
India,2021-12-03,pct_two_doses,34.211,India<br>2021-12-03: 34.21% with two doses<br>
India,2021-12-04,pct_two_doses,34.772,India<br>2021-12-04: 34.77% with two doses<br>
India,2021-12-05,pct_two_doses,34.936,India<br>2021-12-05: 34.94% with two doses<br>
India,2021-12-06,pct_two_doses,35.3474,India<br>2021-12-06: 35.35% with two doses<br>
India,2021-12-07,pct_two_doses,35.7502,India<br>2021-12-07: 35.75% with two doses<br>
India,2021-12-08,pct_two_doses,36.193,India<br>2021-12-08: 36.19% with two doses<br>
India,2021-12-09,pct_two_doses,36.6064,India<br>2021-12-09: 36.61% with two doses<br>
India,2021-12-10,pct_two_doses,37.0351,India<br>2021-12-10: 37.04% with two doses<br>
India,2021-12-11,pct_two_doses,37.5421,India<br>2021-12-11: 37.54% with two doses<br>
India,2021-12-12,pct_two_doses,37.6624,India<br>2021-12-12: 37.66% with two doses<br>
India,2021-12-13,pct_two_doses,38.0158,India<br>2021-12-13: 38.02% with two doses<br>
India,2021-12-14,pct_two_doses,38.0402,India<br>2021-12-14: 38.04% with two doses<br>
India,2021-12-15,pct_two_doses,38.4292,India<br>2021-12-15: 38.43% with two doses<br>
India,2021-12-16,pct_two_doses,38.7774,India<br>2021-12-16: 38.78% with two doses<br>
India,2021-12-17,pct_two_doses,39.1994,India<br>2021-12-17: 39.2% with two doses<br>
India,2021-12-18,pct_two_doses,39.5658,India<br>2021-12-18: 39.57% with two doses<br>
India,2021-12-19,pct_two_doses,40.0115,India<br>2021-12-19: 40.01% with two doses<br>
India,2021-12-20,pct_two_doses,40.1187,India<br>2021-12-20: 40.12% with two doses<br>
India,2021-12-21,pct_two_doses,40.4992,India<br>2021-12-21: 40.5% with two doses<br>
India,2021-12-22,pct_two_doses,40.8409,India<br>2021-12-22: 40.84% with two doses<br>
India,2021-12-23,pct_two_doses,41.2699,India<br>2021-12-23: 41.27% with two doses<br>
India,2021-12-24,pct_two_doses,41.6177,India<br>2021-12-24: 41.62% with two doses<br>
India,2021-12-25,pct_two_doses,42.0088,India<br>2021-12-25: 42.01% with two doses<br>
India,2021-12-26,pct_two_doses,42.2018,India<br>2021-12-26: 42.2% with two doses<br>
India,2021-12-27,pct_two_doses,42.3706,India<br>2021-12-27: 42.37% with two doses<br>
India,2021-12-28,pct_two_doses,42.8015,India<br>2021-12-28: 42.8% with two doses<br>
India,2021-12-29,pct_two_doses,43.177,India<br>2021-12-29: 43.18% with two doses<br>
India,2021-12-30,pct_two_doses,43.5543,India<br>2021-12-30: 43.55% with two doses<br>
India,2021-12-31,pct_two_doses,43.9453,India<br>2021-12-31: 43.95% with two doses<br>
India,2022-01-03,pct_two_doses,44.8144,India<br>2022-01-03: 44.81% with two doses<br>
India,2022-01-04,pct_two_doses,45.0678,India<br>2022-01-04: 45.07% with two doses<br>
India,2022-01-05,pct_two_doses,45.285,India<br>2022-01-05: 45.28% with two doses<br>
India,2022-01-06,pct_two_doses,45.5314,India<br>2022-01-06: 45.53% with two doses<br>
India,2022-01-07,pct_two_doses,45.7999,India<br>2022-01-07: 45.8% with two doses<br>
India,2022-01-08,pct_two_doses,46.1161,India<br>2022-01-08: 46.12% with two doses<br>
India,2022-01-09,pct_two_doses,46.2491,India<br>2022-01-09: 46.25% with two doses<br>
India,2022-01-11,pct_two_doses,46.5509,India<br>2022-01-11: 46.55% with two doses<br>
India,2022-01-12,pct_two_doses,47.1123,India<br>2022-01-12: 47.11% with two doses<br>
India,2022-01-13,pct_two_doses,47.1156,India<br>2022-01-13: 47.12% with two doses<br>
India,2022-01-14,pct_two_doses,47.5933,India<br>2022-01-14: 47.59% with two doses<br>
India,2022-01-15,pct_two_doses,47.6147,India<br>2022-01-15: 47.61% with two doses<br>
India,2022-01-16,pct_two_doses,47.8773,India<br>2022-01-16: 47.88% with two doses<br>
India,2022-01-17,pct_two_doses,48.0399,India<br>2022-01-17: 48.04% with two doses<br>
India,2022-01-18,pct_two_doses,48.3612,India<br>2022-01-18: 48.36% with two doses<br>
India,2022-01-19,pct_two_doses,48.6919,India<br>2022-01-19: 48.69% with two doses<br>
India,2022-01-20,pct_two_doses,49.0115,India<br>2022-01-20: 49.01% with two doses<br>
India,2022-01-21,pct_two_doses,49.3101,India<br>2022-01-21: 49.31% with two doses<br>
India,2022-01-22,pct_two_doses,49.6094,India<br>2022-01-22: 49.61% with two doses<br>
India,2022-01-23,pct_two_doses,49.9353,India<br>2022-01-23: 49.94% with two doses<br>
India,2022-01-24,pct_two_doses,50.0801,India<br>2022-01-24: 50.08% with two doses<br>
India,2022-01-25,pct_two_doses,50.3628,India<br>2022-01-25: 50.36% with two doses<br>
India,2022-01-26,pct_two_doses,50.6467,India<br>2022-01-26: 50.65% with two doses<br>
India,2022-01-27,pct_two_doses,50.7637,India<br>2022-01-27: 50.76% with two doses<br>
India,2022-01-28,pct_two_doses,51.0242,India<br>2022-01-28: 51.02% with two doses<br>
India,2022-01-29,pct_two_doses,51.2908,India<br>2022-01-29: 51.29% with two doses<br>
India,2022-01-30,pct_two_doses,51.578,India<br>2022-01-30: 51.58% with two doses<br>
India,2022-01-31,pct_two_doses,51.7271,India<br>2022-01-31: 51.73% with two doses<br>
