Date,State,Name,Type,Count,date.fmt,count.fmt,text
2020-05-01,wb,West Bengal,New Cases,37,May  1,37,May  1: 37 New Cases
2020-05-02,wb,West Bengal,New Cases,127,May  2,127,May  2: 127 New Cases
2020-05-03,wb,West Bengal,New Cases,276,May  3,276,May  3: 276 New Cases
2020-05-04,wb,West Bengal,New Cases,61,May  4,61,May  4: 61 New Cases
2020-05-05,wb,West Bengal,New Cases,85,May  5,85,May  5: 85 New Cases
2020-05-06,wb,West Bengal,New Cases,112,May  6,112,May  6: 112 New Cases
2020-05-07,wb,West Bengal,New Cases,92,May  7,92,May  7: 92 New Cases
2020-05-08,wb,West Bengal,New Cases,130,May  8,130,May  8: 130 New Cases
2020-05-09,wb,West Bengal,New Cases,108,May  9,108,May  9: 108 New Cases
2020-05-10,wb,West Bengal,New Cases,153,May 10,153,May 10: 153 New Cases
2020-05-11,wb,West Bengal,New Cases,124,May 11,124,May 11: 124 New Cases
2020-05-12,wb,West Bengal,New Cases,110,May 12,110,May 12: 110 New Cases
2020-05-13,wb,West Bengal,New Cases,117,May 13,117,May 13: 117 New Cases
2020-05-14,wb,West Bengal,New Cases,87,May 14,87,May 14: 87 New Cases
2020-05-15,wb,West Bengal,New Cases,84,May 15,84,May 15: 84 New Cases
2020-05-16,wb,West Bengal,New Cases,115,May 16,115,May 16: 115 New Cases
2020-05-17,wb,West Bengal,New Cases,101,May 17,101,May 17: 101 New Cases
2020-05-18,wb,West Bengal,New Cases,147,May 18,147,May 18: 147 New Cases
2020-05-19,wb,West Bengal,New Cases,137,May 19,137,May 19: 137 New Cases
2020-05-20,wb,West Bengal,New Cases,142,May 20,142,May 20: 142 New Cases
2020-05-21,wb,West Bengal,New Cases,94,May 21,94,May 21: 94 New Cases
2020-05-22,wb,West Bengal,New Cases,135,May 22,135,May 22: 135 New Cases
2020-05-23,wb,West Bengal,New Cases,127,May 23,127,May 23: 127 New Cases
2020-05-24,wb,West Bengal,New Cases,208,May 24,208,May 24: 208 New Cases
2020-05-25,wb,West Bengal,New Cases,149,May 25,149,May 25: 149 New Cases
2020-05-26,wb,West Bengal,New Cases,193,May 26,193,May 26: 193 New Cases
2020-05-27,wb,West Bengal,New Cases,183,May 27,183,May 27: 183 New Cases
2020-05-28,wb,West Bengal,New Cases,344,May 28,344,May 28: 344 New Cases
2020-05-29,wb,West Bengal,New Cases,277,May 29,277,May 29: 277 New Cases
2020-05-30,wb,West Bengal,New Cases,317,May 30,317,May 30: 317 New Cases
2020-05-31,wb,West Bengal,New Cases,371,May 31,371,May 31: 371 New Cases
2020-06-01,wb,West Bengal,New Cases,271,Jun  1,271,Jun  1: 271 New Cases
2020-06-02,wb,West Bengal,New Cases,396,Jun  2,396,Jun  2: 396 New Cases
2020-06-03,wb,West Bengal,New Cases,340,Jun  3,340,Jun  3: 340 New Cases
2020-06-04,wb,West Bengal,New Cases,368,Jun  4,368,Jun  4: 368 New Cases
2020-06-05,wb,West Bengal,New Cases,427,Jun  5,427,Jun  5: 427 New Cases
2020-06-06,wb,West Bengal,New Cases,435,Jun  6,435,Jun  6: 435 New Cases
2020-06-07,wb,West Bengal,New Cases,449,Jun  7,449,Jun  7: 449 New Cases
2020-06-08,wb,West Bengal,New Cases,426,Jun  8,426,Jun  8: 426 New Cases
2020-06-09,wb,West Bengal,New Cases,372,Jun  9,372,Jun  9: 372 New Cases
2020-06-10,wb,West Bengal,New Cases,343,Jun 10,343,Jun 10: 343 New Cases
2020-06-11,wb,West Bengal,New Cases,440,Jun 11,440,Jun 11: 440 New Cases
2020-06-12,wb,West Bengal,New Cases,476,Jun 12,476,Jun 12: 476 New Cases
2020-06-13,wb,West Bengal,New Cases,454,Jun 13,454,Jun 13: 454 New Cases
2020-06-14,wb,West Bengal,New Cases,389,Jun 14,389,Jun 14: 389 New Cases
2020-06-15,wb,West Bengal,New Cases,407,Jun 15,407,Jun 15: 407 New Cases
2020-06-16,wb,West Bengal,New Cases,415,Jun 16,415,Jun 16: 415 New Cases
2020-06-17,wb,West Bengal,New Cases,391,Jun 17,391,Jun 17: 391 New Cases
2020-06-18,wb,West Bengal,New Cases,435,Jun 18,435,Jun 18: 435 New Cases
2020-06-19,wb,West Bengal,New Cases,355,Jun 19,355,Jun 19: 355 New Cases
2020-06-20,wb,West Bengal,New Cases,441,Jun 20,441,Jun 20: 441 New Cases
2020-06-21,wb,West Bengal,New Cases,414,Jun 21,414,Jun 21: 414 New Cases
2020-06-22,wb,West Bengal,New Cases,413,Jun 22,413,Jun 22: 413 New Cases
2020-06-23,wb,West Bengal,New Cases,370,Jun 23,370,Jun 23: 370 New Cases
2020-06-24,wb,West Bengal,New Cases,445,Jun 24,445,Jun 24: 445 New Cases
2020-06-25,wb,West Bengal,New Cases,475,Jun 25,475,Jun 25: 475 New Cases
2020-06-26,wb,West Bengal,New Cases,542,Jun 26,542,Jun 26: 542 New Cases
2020-06-27,wb,West Bengal,New Cases,521,Jun 27,521,Jun 27: 521 New Cases
2020-06-28,wb,West Bengal,New Cases,572,Jun 28,572,Jun 28: 572 New Cases
2020-06-29,wb,West Bengal,New Cases,624,Jun 29,624,Jun 29: 624 New Cases
2020-06-30,wb,West Bengal,New Cases,652,Jun 30,652,Jun 30: 652 New Cases
2020-07-01,wb,West Bengal,New Cases,611,Jul  1,611,Jul  1: 611 New Cases
2020-07-02,wb,West Bengal,New Cases,649,Jul  2,649,Jul  2: 649 New Cases
2020-07-03,wb,West Bengal,New Cases,669,Jul  3,669,Jul  3: 669 New Cases
2020-07-04,wb,West Bengal,New Cases,743,Jul  4,743,Jul  4: 743 New Cases
2020-07-05,wb,West Bengal,New Cases,895,Jul  5,895,Jul  5: 895 New Cases
2020-07-06,wb,West Bengal,New Cases,861,Jul  6,861,Jul  6: 861 New Cases
2020-07-07,wb,West Bengal,New Cases,850,Jul  7,850,Jul  7: 850 New Cases
2020-07-08,wb,West Bengal,New Cases,986,Jul  8,986,Jul  8: 986 New Cases
2020-07-09,wb,West Bengal,New Cases,1088,Jul  9,"1,088","Jul  9: 1,088 New Cases"
2020-07-10,wb,West Bengal,New Cases,1198,Jul 10,"1,198","Jul 10: 1,198 New Cases"
2020-07-11,wb,West Bengal,New Cases,1344,Jul 11,"1,344","Jul 11: 1,344 New Cases"
2020-07-12,wb,West Bengal,New Cases,1560,Jul 12,"1,560","Jul 12: 1,560 New Cases"
2020-07-13,wb,West Bengal,New Cases,1435,Jul 13,"1,435","Jul 13: 1,435 New Cases"
2020-07-14,wb,West Bengal,New Cases,1390,Jul 14,"1,390","Jul 14: 1,390 New Cases"
2020-07-15,wb,West Bengal,New Cases,1589,Jul 15,"1,589","Jul 15: 1,589 New Cases"
2020-07-16,wb,West Bengal,New Cases,1690,Jul 16,"1,690","Jul 16: 1,690 New Cases"
2020-07-17,wb,West Bengal,New Cases,1894,Jul 17,"1,894","Jul 17: 1,894 New Cases"
2020-07-18,wb,West Bengal,New Cases,2198,Jul 18,"2,198","Jul 18: 2,198 New Cases"
2020-07-19,wb,West Bengal,New Cases,2278,Jul 19,"2,278","Jul 19: 2,278 New Cases"
2020-07-20,wb,West Bengal,New Cases,2282,Jul 20,"2,282","Jul 20: 2,282 New Cases"
2020-07-21,wb,West Bengal,New Cases,2261,Jul 21,"2,261","Jul 21: 2,261 New Cases"
2020-07-22,wb,West Bengal,New Cases,2291,Jul 22,"2,291","Jul 22: 2,291 New Cases"
2020-07-23,wb,West Bengal,New Cases,2436,Jul 23,"2,436","Jul 23: 2,436 New Cases"
2020-07-24,wb,West Bengal,New Cases,2216,Jul 24,"2,216","Jul 24: 2,216 New Cases"
2020-07-25,wb,West Bengal,New Cases,2404,Jul 25,"2,404","Jul 25: 2,404 New Cases"
2020-07-26,wb,West Bengal,New Cases,2341,Jul 26,"2,341","Jul 26: 2,341 New Cases"
2020-07-27,wb,West Bengal,New Cases,2112,Jul 27,"2,112","Jul 27: 2,112 New Cases"
2020-07-28,wb,West Bengal,New Cases,2134,Jul 28,"2,134","Jul 28: 2,134 New Cases"
2020-07-29,wb,West Bengal,New Cases,2294,Jul 29,"2,294","Jul 29: 2,294 New Cases"
2020-07-30,wb,West Bengal,New Cases,2434,Jul 30,"2,434","Jul 30: 2,434 New Cases"
2020-07-31,wb,West Bengal,New Cases,2496,Jul 31,"2,496","Jul 31: 2,496 New Cases"
2020-08-01,wb,West Bengal,New Cases,2589,Aug  1,"2,589","Aug  1: 2,589 New Cases"
2020-08-02,wb,West Bengal,New Cases,2739,Aug  2,"2,739","Aug  2: 2,739 New Cases"
2020-08-03,wb,West Bengal,New Cases,2716,Aug  3,"2,716","Aug  3: 2,716 New Cases"
2020-08-04,wb,West Bengal,New Cases,2752,Aug  4,"2,752","Aug  4: 2,752 New Cases"
2020-08-05,wb,West Bengal,New Cases,2816,Aug  5,"2,816","Aug  5: 2,816 New Cases"
2020-08-06,wb,West Bengal,New Cases,2954,Aug  6,"2,954","Aug  6: 2,954 New Cases"
2020-08-07,wb,West Bengal,New Cases,2912,Aug  7,"2,912","Aug  7: 2,912 New Cases"
2020-08-08,wb,West Bengal,New Cases,2949,Aug  8,"2,949","Aug  8: 2,949 New Cases"
2020-08-09,wb,West Bengal,New Cases,2939,Aug  9,"2,939","Aug  9: 2,939 New Cases"
2020-08-10,wb,West Bengal,New Cases,2905,Aug 10,"2,905","Aug 10: 2,905 New Cases"
2020-08-11,wb,West Bengal,New Cases,2931,Aug 11,"2,931","Aug 11: 2,931 New Cases"
2020-08-12,wb,West Bengal,New Cases,2936,Aug 12,"2,936","Aug 12: 2,936 New Cases"
2020-08-13,wb,West Bengal,New Cases,2997,Aug 13,"2,997","Aug 13: 2,997 New Cases"
2020-08-14,wb,West Bengal,New Cases,3035,Aug 14,"3,035","Aug 14: 3,035 New Cases"
2020-08-15,wb,West Bengal,New Cases,3074,Aug 15,"3,074","Aug 15: 3,074 New Cases"
2020-08-16,wb,West Bengal,New Cases,3066,Aug 16,"3,066","Aug 16: 3,066 New Cases"
2020-08-17,wb,West Bengal,New Cases,3080,Aug 17,"3,080","Aug 17: 3,080 New Cases"
2020-08-18,wb,West Bengal,New Cases,3175,Aug 18,"3,175","Aug 18: 3,175 New Cases"
2020-08-19,wb,West Bengal,New Cases,3169,Aug 19,"3,169","Aug 19: 3,169 New Cases"
2020-08-20,wb,West Bengal,New Cases,3197,Aug 20,"3,197","Aug 20: 3,197 New Cases"
2020-08-21,wb,West Bengal,New Cases,3245,Aug 21,"3,245","Aug 21: 3,245 New Cases"
2020-08-22,wb,West Bengal,New Cases,3232,Aug 22,"3,232","Aug 22: 3,232 New Cases"
2020-08-23,wb,West Bengal,New Cases,3274,Aug 23,"3,274","Aug 23: 3,274 New Cases"
2020-08-24,wb,West Bengal,New Cases,2967,Aug 24,"2,967","Aug 24: 2,967 New Cases"
2020-08-25,wb,West Bengal,New Cases,2964,Aug 25,"2,964","Aug 25: 2,964 New Cases"
2020-08-26,wb,West Bengal,New Cases,2974,Aug 26,"2,974","Aug 26: 2,974 New Cases"
2020-08-27,wb,West Bengal,New Cases,2997,Aug 27,"2,997","Aug 27: 2,997 New Cases"
2020-08-28,wb,West Bengal,New Cases,2982,Aug 28,"2,982","Aug 28: 2,982 New Cases"
2020-08-29,wb,West Bengal,New Cases,3012,Aug 29,"3,012","Aug 29: 3,012 New Cases"
2020-08-30,wb,West Bengal,New Cases,3019,Aug 30,"3,019","Aug 30: 3,019 New Cases"
2020-08-31,wb,West Bengal,New Cases,2993,Aug 31,"2,993","Aug 31: 2,993 New Cases"
2020-09-01,wb,West Bengal,New Cases,2943,Sep  1,"2,943","Sep  1: 2,943 New Cases"
2020-09-02,wb,West Bengal,New Cases,2976,Sep  2,"2,976","Sep  2: 2,976 New Cases"
2020-09-03,wb,West Bengal,New Cases,2984,Sep  3,"2,984","Sep  3: 2,984 New Cases"
2020-09-04,wb,West Bengal,New Cases,2978,Sep  4,"2,978","Sep  4: 2,978 New Cases"
2020-09-05,wb,West Bengal,New Cases,3042,Sep  5,"3,042","Sep  5: 3,042 New Cases"
2020-09-06,wb,West Bengal,New Cases,3087,Sep  6,"3,087","Sep  6: 3,087 New Cases"
2020-09-07,wb,West Bengal,New Cases,3077,Sep  7,"3,077","Sep  7: 3,077 New Cases"
2020-09-08,wb,West Bengal,New Cases,3091,Sep  8,"3,091","Sep  8: 3,091 New Cases"
2020-09-09,wb,West Bengal,New Cases,3107,Sep  9,"3,107","Sep  9: 3,107 New Cases"
2020-09-10,wb,West Bengal,New Cases,3112,Sep 10,"3,112","Sep 10: 3,112 New Cases"
2020-09-11,wb,West Bengal,New Cases,3157,Sep 11,"3,157","Sep 11: 3,157 New Cases"
2020-09-12,wb,West Bengal,New Cases,3161,Sep 12,"3,161","Sep 12: 3,161 New Cases"
2020-09-13,wb,West Bengal,New Cases,3215,Sep 13,"3,215","Sep 13: 3,215 New Cases"
2020-09-14,wb,West Bengal,New Cases,3211,Sep 14,"3,211","Sep 14: 3,211 New Cases"
2020-09-15,wb,West Bengal,New Cases,3227,Sep 15,"3,227","Sep 15: 3,227 New Cases"
2020-09-16,wb,West Bengal,New Cases,3237,Sep 16,"3,237","Sep 16: 3,237 New Cases"
2020-09-17,wb,West Bengal,New Cases,3197,Sep 17,"3,197","Sep 17: 3,197 New Cases"
2020-09-18,wb,West Bengal,New Cases,3192,Sep 18,"3,192","Sep 18: 3,192 New Cases"
2020-09-19,wb,West Bengal,New Cases,3188,Sep 19,"3,188","Sep 19: 3,188 New Cases"
2020-09-20,wb,West Bengal,New Cases,3177,Sep 20,"3,177","Sep 20: 3,177 New Cases"
2020-09-21,wb,West Bengal,New Cases,3165,Sep 21,"3,165","Sep 21: 3,165 New Cases"
2020-09-22,wb,West Bengal,New Cases,3182,Sep 22,"3,182","Sep 22: 3,182 New Cases"
2020-09-23,wb,West Bengal,New Cases,3189,Sep 23,"3,189","Sep 23: 3,189 New Cases"
2020-09-24,wb,West Bengal,New Cases,3196,Sep 24,"3,196","Sep 24: 3,196 New Cases"
2020-09-25,wb,West Bengal,New Cases,3190,Sep 25,"3,190","Sep 25: 3,190 New Cases"
2020-09-26,wb,West Bengal,New Cases,3181,Sep 26,"3,181","Sep 26: 3,181 New Cases"
2020-09-27,wb,West Bengal,New Cases,3185,Sep 27,"3,185","Sep 27: 3,185 New Cases"
2020-09-28,wb,West Bengal,New Cases,3155,Sep 28,"3,155","Sep 28: 3,155 New Cases"
2020-09-29,wb,West Bengal,New Cases,3188,Sep 29,"3,188","Sep 29: 3,188 New Cases"
2020-09-30,wb,West Bengal,New Cases,3281,Sep 30,"3,281","Sep 30: 3,281 New Cases"
2020-10-01,wb,West Bengal,New Cases,3275,Oct  1,"3,275","Oct  1: 3,275 New Cases"
2020-10-02,wb,West Bengal,New Cases,3310,Oct  2,"3,310","Oct  2: 3,310 New Cases"
2020-10-03,wb,West Bengal,New Cases,3340,Oct  3,"3,340","Oct  3: 3,340 New Cases"
2020-10-04,wb,West Bengal,New Cases,3357,Oct  4,"3,357","Oct  4: 3,357 New Cases"
2020-10-05,wb,West Bengal,New Cases,3348,Oct  5,"3,348","Oct  5: 3,348 New Cases"
2020-10-06,wb,West Bengal,New Cases,3370,Oct  6,"3,370","Oct  6: 3,370 New Cases"
2020-10-07,wb,West Bengal,New Cases,3455,Oct  7,"3,455","Oct  7: 3,455 New Cases"
2020-10-08,wb,West Bengal,New Cases,3526,Oct  8,"3,526","Oct  8: 3,526 New Cases"
2020-10-09,wb,West Bengal,New Cases,3573,Oct  9,"3,573","Oct  9: 3,573 New Cases"
2020-10-10,wb,West Bengal,New Cases,3591,Oct 10,"3,591","Oct 10: 3,591 New Cases"
2020-10-11,wb,West Bengal,New Cases,3612,Oct 11,"3,612","Oct 11: 3,612 New Cases"
2020-10-12,wb,West Bengal,New Cases,3583,Oct 12,"3,583","Oct 12: 3,583 New Cases"
2020-10-13,wb,West Bengal,New Cases,3631,Oct 13,"3,631","Oct 13: 3,631 New Cases"
2020-10-14,wb,West Bengal,New Cases,3677,Oct 14,"3,677","Oct 14: 3,677 New Cases"
2020-10-15,wb,West Bengal,New Cases,3720,Oct 15,"3,720","Oct 15: 3,720 New Cases"
2020-10-16,wb,West Bengal,New Cases,3771,Oct 16,"3,771","Oct 16: 3,771 New Cases"
2020-10-17,wb,West Bengal,New Cases,3865,Oct 17,"3,865","Oct 17: 3,865 New Cases"
2020-10-18,wb,West Bengal,New Cases,3983,Oct 18,"3,983","Oct 18: 3,983 New Cases"
2020-10-19,wb,West Bengal,New Cases,3992,Oct 19,"3,992","Oct 19: 3,992 New Cases"
2020-10-20,wb,West Bengal,New Cases,4029,Oct 20,"4,029","Oct 20: 4,029 New Cases"
2020-10-21,wb,West Bengal,New Cases,4069,Oct 21,"4,069","Oct 21: 4,069 New Cases"
2020-10-22,wb,West Bengal,New Cases,4157,Oct 22,"4,157","Oct 22: 4,157 New Cases"
2020-10-23,wb,West Bengal,New Cases,4143,Oct 23,"4,143","Oct 23: 4,143 New Cases"
2020-10-24,wb,West Bengal,New Cases,4148,Oct 24,"4,148","Oct 24: 4,148 New Cases"
2020-10-25,wb,West Bengal,New Cases,4127,Oct 25,"4,127","Oct 25: 4,127 New Cases"
2020-10-26,wb,West Bengal,New Cases,4121,Oct 26,"4,121","Oct 26: 4,121 New Cases"
2020-10-27,wb,West Bengal,New Cases,3957,Oct 27,"3,957","Oct 27: 3,957 New Cases"
2020-10-28,wb,West Bengal,New Cases,3924,Oct 28,"3,924","Oct 28: 3,924 New Cases"
2020-10-29,wb,West Bengal,New Cases,3989,Oct 29,"3,989","Oct 29: 3,989 New Cases"
2020-10-30,wb,West Bengal,New Cases,3979,Oct 30,"3,979","Oct 30: 3,979 New Cases"
2020-10-31,wb,West Bengal,New Cases,3993,Oct 31,"3,993","Oct 31: 3,993 New Cases"
2020-11-01,wb,West Bengal,New Cases,3987,Nov  1,"3,987","Nov  1: 3,987 New Cases"
2020-11-02,wb,West Bengal,New Cases,3957,Nov  2,"3,957","Nov  2: 3,957 New Cases"
2020-11-03,wb,West Bengal,New Cases,3981,Nov  3,"3,981","Nov  3: 3,981 New Cases"
2020-11-04,wb,West Bengal,New Cases,3987,Nov  4,"3,987","Nov  4: 3,987 New Cases"
2020-11-05,wb,West Bengal,New Cases,3948,Nov  5,"3,948","Nov  5: 3,948 New Cases"
2020-11-06,wb,West Bengal,New Cases,3942,Nov  6,"3,942","Nov  6: 3,942 New Cases"
2020-11-07,wb,West Bengal,New Cases,3928,Nov  7,"3,928","Nov  7: 3,928 New Cases"
2020-11-08,wb,West Bengal,New Cases,3920,Nov  8,"3,920","Nov  8: 3,920 New Cases"
2020-11-09,wb,West Bengal,New Cases,3907,Nov  9,"3,907","Nov  9: 3,907 New Cases"
2020-11-10,wb,West Bengal,New Cases,3891,Nov 10,"3,891","Nov 10: 3,891 New Cases"
2020-11-11,wb,West Bengal,New Cases,3872,Nov 11,"3,872","Nov 11: 3,872 New Cases"
2020-11-12,wb,West Bengal,New Cases,3856,Nov 12,"3,856","Nov 12: 3,856 New Cases"
2020-11-13,wb,West Bengal,New Cases,3835,Nov 13,"3,835","Nov 13: 3,835 New Cases"
2020-11-14,wb,West Bengal,New Cases,3823,Nov 14,"3,823","Nov 14: 3,823 New Cases"
2020-11-15,wb,West Bengal,New Cases,3053,Nov 15,"3,053","Nov 15: 3,053 New Cases"
2020-11-16,wb,West Bengal,New Cases,3012,Nov 16,"3,012","Nov 16: 3,012 New Cases"
2020-11-17,wb,West Bengal,New Cases,3654,Nov 17,"3,654","Nov 17: 3,654 New Cases"
2020-11-18,wb,West Bengal,New Cases,3668,Nov 18,"3,668","Nov 18: 3,668 New Cases"
2020-11-19,wb,West Bengal,New Cases,3620,Nov 19,"3,620","Nov 19: 3,620 New Cases"
2020-11-20,wb,West Bengal,New Cases,3626,Nov 20,"3,626","Nov 20: 3,626 New Cases"
2020-11-21,wb,West Bengal,New Cases,3639,Nov 21,"3,639","Nov 21: 3,639 New Cases"
2020-11-22,wb,West Bengal,New Cases,3591,Nov 22,"3,591","Nov 22: 3,591 New Cases"
2020-11-23,wb,West Bengal,New Cases,3557,Nov 23,"3,557","Nov 23: 3,557 New Cases"
2020-11-24,wb,West Bengal,New Cases,3545,Nov 24,"3,545","Nov 24: 3,545 New Cases"
2020-11-25,wb,West Bengal,New Cases,3528,Nov 25,"3,528","Nov 25: 3,528 New Cases"
2020-11-26,wb,West Bengal,New Cases,3507,Nov 26,"3,507","Nov 26: 3,507 New Cases"
2020-11-27,wb,West Bengal,New Cases,3489,Nov 27,"3,489","Nov 27: 3,489 New Cases"
2020-11-28,wb,West Bengal,New Cases,3459,Nov 28,"3,459","Nov 28: 3,459 New Cases"
2020-11-29,wb,West Bengal,New Cases,3367,Nov 29,"3,367","Nov 29: 3,367 New Cases"
2020-11-30,wb,West Bengal,New Cases,2671,Nov 30,"2,671","Nov 30: 2,671 New Cases"
2020-12-01,wb,West Bengal,New Cases,3315,Dec  1,"3,315","Dec  1: 3,315 New Cases"
2020-12-02,wb,West Bengal,New Cases,3271,Dec  2,"3,271","Dec  2: 3,271 New Cases"
2020-12-03,wb,West Bengal,New Cases,3246,Dec  3,"3,246","Dec  3: 3,246 New Cases"
2020-12-04,wb,West Bengal,New Cases,3206,Dec  4,"3,206","Dec  4: 3,206 New Cases"
2020-12-05,wb,West Bengal,New Cases,3175,Dec  5,"3,175","Dec  5: 3,175 New Cases"
2020-12-06,wb,West Bengal,New Cases,3143,Dec  6,"3,143","Dec  6: 3,143 New Cases"
2020-12-07,wb,West Bengal,New Cases,2214,Dec  7,"2,214","Dec  7: 2,214 New Cases"
2020-12-08,wb,West Bengal,New Cases,2941,Dec  8,"2,941","Dec  8: 2,941 New Cases"
2020-12-09,wb,West Bengal,New Cases,2956,Dec  9,"2,956","Dec  9: 2,956 New Cases"
2020-12-10,wb,West Bengal,New Cases,2801,Dec 10,"2,801","Dec 10: 2,801 New Cases"
2020-12-11,wb,West Bengal,New Cases,2753,Dec 11,"2,753","Dec 11: 2,753 New Cases"
2020-12-12,wb,West Bengal,New Cases,2710,Dec 12,"2,710","Dec 12: 2,710 New Cases"
2020-12-13,wb,West Bengal,New Cases,2580,Dec 13,"2,580","Dec 13: 2,580 New Cases"
2020-12-14,wb,West Bengal,New Cases,1834,Dec 14,"1,834","Dec 14: 1,834 New Cases"
2020-12-15,wb,West Bengal,New Cases,2289,Dec 15,"2,289","Dec 15: 2,289 New Cases"
2020-12-16,wb,West Bengal,New Cases,2293,Dec 16,"2,293","Dec 16: 2,293 New Cases"
2020-12-17,wb,West Bengal,New Cases,2245,Dec 17,"2,245","Dec 17: 2,245 New Cases"
2020-12-18,wb,West Bengal,New Cases,2239,Dec 18,"2,239","Dec 18: 2,239 New Cases"
2020-12-19,wb,West Bengal,New Cases,2155,Dec 19,"2,155","Dec 19: 2,155 New Cases"
2020-12-20,wb,West Bengal,New Cases,1978,Dec 20,"1,978","Dec 20: 1,978 New Cases"
2020-12-21,wb,West Bengal,New Cases,1515,Dec 21,"1,515","Dec 21: 1,515 New Cases"
2020-12-22,wb,West Bengal,New Cases,1653,Dec 22,"1,653","Dec 22: 1,653 New Cases"
2020-12-23,wb,West Bengal,New Cases,1628,Dec 23,"1,628","Dec 23: 1,628 New Cases"
2020-12-24,wb,West Bengal,New Cases,1590,Dec 24,"1,590","Dec 24: 1,590 New Cases"
2020-12-25,wb,West Bengal,New Cases,1541,Dec 25,"1,541","Dec 25: 1,541 New Cases"
2020-12-26,wb,West Bengal,New Cases,1253,Dec 26,"1,253","Dec 26: 1,253 New Cases"
2020-12-27,wb,West Bengal,New Cases,1435,Dec 27,"1,435","Dec 27: 1,435 New Cases"
2020-12-28,wb,West Bengal,New Cases,1028,Dec 28,"1,028","Dec 28: 1,028 New Cases"
2020-12-29,wb,West Bengal,New Cases,1244,Dec 29,"1,244","Dec 29: 1,244 New Cases"
2020-12-30,wb,West Bengal,New Cases,1178,Dec 30,"1,178","Dec 30: 1,178 New Cases"
2020-12-31,wb,West Bengal,New Cases,1170,Dec 31,"1,170","Dec 31: 1,170 New Cases"
2021-01-01,wb,West Bengal,New Cases,1153,Jan  1,"1,153","Jan  1: 1,153 New Cases"
2021-01-02,wb,West Bengal,New Cases,863,Jan  2,863,Jan  2: 863 New Cases
2021-01-03,wb,West Bengal,New Cases,896,Jan  3,896,Jan  3: 896 New Cases
2021-01-04,wb,West Bengal,New Cases,597,Jan  4,597,Jan  4: 597 New Cases
2021-01-05,wb,West Bengal,New Cases,812,Jan  5,812,Jan  5: 812 New Cases
2021-01-06,wb,West Bengal,New Cases,868,Jan  6,868,Jan  6: 868 New Cases
2021-01-07,wb,West Bengal,New Cases,921,Jan  7,921,Jan  7: 921 New Cases
2021-01-08,wb,West Bengal,New Cases,926,Jan  8,926,Jan  8: 926 New Cases
2021-01-09,wb,West Bengal,New Cases,787,Jan  9,787,Jan  9: 787 New Cases
2021-01-10,wb,West Bengal,New Cases,823,Jan 10,823,Jan 10: 823 New Cases
2021-01-11,wb,West Bengal,New Cases,612,Jan 11,612,Jan 11: 612 New Cases
2020-05-01,wb,West Bengal,Recovered,15,May  1,15,May  1: 15 Recovered
2020-05-02,wb,West Bengal,Recovered,12,May  2,12,May  2: 12 Recovered
2020-05-03,wb,West Bengal,Recovered,0,May  3,0,May  3: 0 Recovered
2020-05-04,wb,West Bengal,Recovered,86,May  4,86,May  4: 86 Recovered
2020-05-05,wb,West Bengal,Recovered,46,May  5,46,May  5: 46 Recovered
2020-05-06,wb,West Bengal,Recovered,1,May  6,1,May  6: 1 Recovered
2020-05-07,wb,West Bengal,Recovered,31,May  7,31,May  7: 31 Recovered
2020-05-08,wb,West Bengal,Recovered,27,May  8,27,May  8: 27 Recovered
2020-05-09,wb,West Bengal,Recovered,49,May  9,49,May  9: 49 Recovered
2020-05-10,wb,West Bengal,Recovered,45,May 10,45,May 10: 45 Recovered
2020-05-11,wb,West Bengal,Recovered,82,May 11,82,May 11: 82 Recovered
2020-05-12,wb,West Bengal,Recovered,113,May 12,113,May 12: 113 Recovered
2020-05-13,wb,West Bengal,Recovered,90,May 13,90,May 13: 90 Recovered
2020-05-14,wb,West Bengal,Recovered,66,May 14,66,May 14: 66 Recovered
2020-05-15,wb,West Bengal,Recovered,61,May 15,61,May 15: 61 Recovered
2020-05-16,wb,West Bengal,Recovered,63,May 16,63,May 16: 63 Recovered
2020-05-17,wb,West Bengal,Recovered,67,May 17,67,May 17: 67 Recovered
2020-05-18,wb,West Bengal,Recovered,47,May 18,47,May 18: 47 Recovered
2020-05-19,wb,West Bengal,Recovered,68,May 19,68,May 19: 68 Recovered
2020-05-20,wb,West Bengal,Recovered,62,May 20,62,May 20: 62 Recovered
2020-05-21,wb,West Bengal,Recovered,57,May 21,57,May 21: 57 Recovered
2020-05-22,wb,West Bengal,Recovered,28,May 22,28,May 22: 28 Recovered
2020-05-23,wb,West Bengal,Recovered,60,May 23,60,May 23: 60 Recovered
2020-05-24,wb,West Bengal,Recovered,58,May 24,58,May 24: 58 Recovered
2020-05-25,wb,West Bengal,Recovered,75,May 25,75,May 25: 75 Recovered
2020-05-26,wb,West Bengal,Recovered,72,May 26,72,May 26: 72 Recovered
2020-05-27,wb,West Bengal,Recovered,92,May 27,92,May 27: 92 Recovered
2020-05-28,wb,West Bengal,Recovered,90,May 28,90,May 28: 90 Recovered
2020-05-29,wb,West Bengal,Recovered,107,May 29,107,May 29: 107 Recovered
2020-05-30,wb,West Bengal,Recovered,195,May 30,195,May 30: 195 Recovered
2020-05-31,wb,West Bengal,Recovered,187,May 31,187,May 31: 187 Recovered
2020-06-01,wb,West Bengal,Recovered,149,Jun  1,149,Jun  1: 149 Recovered
2020-06-02,wb,West Bengal,Recovered,104,Jun  2,104,Jun  2: 104 Recovered
2020-06-03,wb,West Bengal,Recovered,170,Jun  3,170,Jun  3: 170 Recovered
2020-06-04,wb,West Bengal,Recovered,188,Jun  4,188,Jun  4: 188 Recovered
2020-06-05,wb,West Bengal,Recovered,144,Jun  5,144,Jun  5: 144 Recovered
2020-06-06,wb,West Bengal,Recovered,207,Jun  6,207,Jun  6: 207 Recovered
2020-06-07,wb,West Bengal,Recovered,184,Jun  7,184,Jun  7: 184 Recovered
2020-06-08,wb,West Bengal,Recovered,162,Jun  8,162,Jun  8: 162 Recovered
2020-06-09,wb,West Bengal,Recovered,155,Jun  9,155,Jun  9: 155 Recovered
2020-06-10,wb,West Bengal,Recovered,159,Jun 10,159,Jun 10: 159 Recovered
2020-06-11,wb,West Bengal,Recovered,209,Jun 11,209,Jun 11: 209 Recovered
2020-06-12,wb,West Bengal,Recovered,218,Jun 12,218,Jun 12: 218 Recovered
2020-06-13,wb,West Bengal,Recovered,336,Jun 13,336,Jun 13: 336 Recovered
2020-06-14,wb,West Bengal,Recovered,518,Jun 14,518,Jun 14: 518 Recovered
2020-06-15,wb,West Bengal,Recovered,434,Jun 15,434,Jun 15: 434 Recovered
2020-06-16,wb,West Bengal,Recovered,534,Jun 16,534,Jun 16: 534 Recovered
2020-06-17,wb,West Bengal,Recovered,505,Jun 17,505,Jun 17: 505 Recovered
2020-06-18,wb,West Bengal,Recovered,468,Jun 18,468,Jun 18: 468 Recovered
2020-06-19,wb,West Bengal,Recovered,302,Jun 19,302,Jun 19: 302 Recovered
2020-06-20,wb,West Bengal,Recovered,562,Jun 20,562,Jun 20: 562 Recovered
2020-06-21,wb,West Bengal,Recovered,432,Jun 21,432,Jun 21: 432 Recovered
2020-06-22,wb,West Bengal,Recovered,390,Jun 22,390,Jun 22: 390 Recovered
2020-06-23,wb,West Bengal,Recovered,531,Jun 23,531,Jun 23: 531 Recovered
2020-06-24,wb,West Bengal,Recovered,484,Jun 24,484,Jun 24: 484 Recovered
2020-06-25,wb,West Bengal,Recovered,488,Jun 25,488,Jun 25: 488 Recovered
2020-06-26,wb,West Bengal,Recovered,345,Jun 26,345,Jun 26: 345 Recovered
2020-06-27,wb,West Bengal,Recovered,254,Jun 27,254,Jun 27: 254 Recovered
2020-06-28,wb,West Bengal,Recovered,404,Jun 28,404,Jun 28: 404 Recovered
2020-06-29,wb,West Bengal,Recovered,526,Jun 29,526,Jun 29: 526 Recovered
2020-06-30,wb,West Bengal,Recovered,411,Jun 30,411,Jun 30: 411 Recovered
2020-07-01,wb,West Bengal,Recovered,398,Jul  1,398,Jul  1: 398 Recovered
2020-07-02,wb,West Bengal,Recovered,509,Jul  2,509,Jul  2: 509 Recovered
2020-07-03,wb,West Bengal,Recovered,534,Jul  3,534,Jul  3: 534 Recovered
2020-07-04,wb,West Bengal,Recovered,595,Jul  4,595,Jul  4: 595 Recovered
2020-07-05,wb,West Bengal,Recovered,545,Jul  5,545,Jul  5: 545 Recovered
2020-07-06,wb,West Bengal,Recovered,524,Jul  6,524,Jul  6: 524 Recovered
2020-07-07,wb,West Bengal,Recovered,555,Jul  7,555,Jul  7: 555 Recovered
2020-07-08,wb,West Bengal,Recovered,501,Jul  8,501,Jul  8: 501 Recovered
2020-07-09,wb,West Bengal,Recovered,535,Jul  9,535,Jul  9: 535 Recovered
2020-07-10,wb,West Bengal,Recovered,522,Jul 10,522,Jul 10: 522 Recovered
2020-07-11,wb,West Bengal,Recovered,611,Jul 11,611,Jul 11: 611 Recovered
2020-07-12,wb,West Bengal,Recovered,622,Jul 12,622,Jul 12: 622 Recovered
2020-07-13,wb,West Bengal,Recovered,632,Jul 13,632,Jul 13: 632 Recovered
2020-07-14,wb,West Bengal,Recovered,718,Jul 14,718,Jul 14: 718 Recovered
2020-07-15,wb,West Bengal,Recovered,749,Jul 15,749,Jul 15: 749 Recovered
2020-07-16,wb,West Bengal,Recovered,735,Jul 16,735,Jul 16: 735 Recovered
2020-07-17,wb,West Bengal,Recovered,838,Jul 17,838,Jul 17: 838 Recovered
2020-07-18,wb,West Bengal,Recovered,1286,Jul 18,"1,286","Jul 18: 1,286 Recovered"
2020-07-19,wb,West Bengal,Recovered,1344,Jul 19,"1,344","Jul 19: 1,344 Recovered"
2020-07-20,wb,West Bengal,Recovered,1535,Jul 20,"1,535","Jul 20: 1,535 Recovered"
2020-07-21,wb,West Bengal,Recovered,1617,Jul 21,"1,617","Jul 21: 1,617 Recovered"
2020-07-22,wb,West Bengal,Recovered,1615,Jul 22,"1,615","Jul 22: 1,615 Recovered"
2020-07-23,wb,West Bengal,Recovered,2006,Jul 23,"2,006","Jul 23: 2,006 Recovered"
2020-07-24,wb,West Bengal,Recovered,1873,Jul 24,"1,873","Jul 24: 1,873 Recovered"
2020-07-25,wb,West Bengal,Recovered,2125,Jul 25,"2,125","Jul 25: 2,125 Recovered"
2020-07-26,wb,West Bengal,Recovered,2097,Jul 26,"2,097","Jul 26: 2,097 Recovered"
2020-07-27,wb,West Bengal,Recovered,2166,Jul 27,"2,166","Jul 27: 2,166 Recovered"
2020-07-28,wb,West Bengal,Recovered,2105,Jul 28,"2,105","Jul 28: 2,105 Recovered"
2020-07-29,wb,West Bengal,Recovered,2094,Jul 29,"2,094","Jul 29: 2,094 Recovered"
2020-07-30,wb,West Bengal,Recovered,2140,Jul 30,"2,140","Jul 30: 2,140 Recovered"
2020-07-31,wb,West Bengal,Recovered,2118,Jul 31,"2,118","Jul 31: 2,118 Recovered"
2020-08-01,wb,West Bengal,Recovered,2143,Aug  1,"2,143","Aug  1: 2,143 Recovered"
2020-08-02,wb,West Bengal,Recovered,2213,Aug  2,"2,213","Aug  2: 2,213 Recovered"
2020-08-03,wb,West Bengal,Recovered,2088,Aug  3,"2,088","Aug  3: 2,088 Recovered"
2020-08-04,wb,West Bengal,Recovered,2066,Aug  4,"2,066","Aug  4: 2,066 Recovered"
2020-08-05,wb,West Bengal,Recovered,2078,Aug  5,"2,078","Aug  5: 2,078 Recovered"
2020-08-06,wb,West Bengal,Recovered,2061,Aug  6,"2,061","Aug  6: 2,061 Recovered"
2020-08-07,wb,West Bengal,Recovered,2037,Aug  7,"2,037","Aug  7: 2,037 Recovered"
2020-08-08,wb,West Bengal,Recovered,2064,Aug  8,"2,064","Aug  8: 2,064 Recovered"
2020-08-09,wb,West Bengal,Recovered,1996,Aug  9,"1,996","Aug  9: 1,996 Recovered"
2020-08-10,wb,West Bengal,Recovered,3208,Aug 10,"3,208","Aug 10: 3,208 Recovered"
2020-08-11,wb,West Bengal,Recovered,3067,Aug 11,"3,067","Aug 11: 3,067 Recovered"
2020-08-12,wb,West Bengal,Recovered,2725,Aug 12,"2,725","Aug 12: 2,725 Recovered"
2020-08-13,wb,West Bengal,Recovered,2497,Aug 13,"2,497","Aug 13: 2,497 Recovered"
2020-08-14,wb,West Bengal,Recovered,2572,Aug 14,"2,572","Aug 14: 2,572 Recovered"
2020-08-15,wb,West Bengal,Recovered,2647,Aug 15,"2,647","Aug 15: 2,647 Recovered"
2020-08-16,wb,West Bengal,Recovered,2935,Aug 16,"2,935","Aug 16: 2,935 Recovered"
2020-08-17,wb,West Bengal,Recovered,2932,Aug 17,"2,932","Aug 17: 2,932 Recovered"
2020-08-18,wb,West Bengal,Recovered,2987,Aug 18,"2,987","Aug 18: 2,987 Recovered"
2020-08-19,wb,West Bengal,Recovered,2973,Aug 19,"2,973","Aug 19: 2,973 Recovered"
2020-08-20,wb,West Bengal,Recovered,3126,Aug 20,"3,126","Aug 20: 3,126 Recovered"
2020-08-21,wb,West Bengal,Recovered,3082,Aug 21,"3,082","Aug 21: 3,082 Recovered"
2020-08-22,wb,West Bengal,Recovered,3088,Aug 22,"3,088","Aug 22: 3,088 Recovered"
2020-08-23,wb,West Bengal,Recovered,3048,Aug 23,"3,048","Aug 23: 3,048 Recovered"
2020-08-24,wb,West Bengal,Recovered,3285,Aug 24,"3,285","Aug 24: 3,285 Recovered"
2020-08-25,wb,West Bengal,Recovered,3251,Aug 25,"3,251","Aug 25: 3,251 Recovered"
2020-08-26,wb,West Bengal,Recovered,3314,Aug 26,"3,314","Aug 26: 3,314 Recovered"
2020-08-27,wb,West Bengal,Recovered,3189,Aug 27,"3,189","Aug 27: 3,189 Recovered"
2020-08-28,wb,West Bengal,Recovered,3286,Aug 28,"3,286","Aug 28: 3,286 Recovered"
2020-08-29,wb,West Bengal,Recovered,3312,Aug 29,"3,312","Aug 29: 3,312 Recovered"
2020-08-30,wb,West Bengal,Recovered,3308,Aug 30,"3,308","Aug 30: 3,308 Recovered"
2020-08-31,wb,West Bengal,Recovered,3318,Aug 31,"3,318","Aug 31: 3,318 Recovered"
2020-09-01,wb,West Bengal,Recovered,3346,Sep  1,"3,346","Sep  1: 3,346 Recovered"
2020-09-02,wb,West Bengal,Recovered,3297,Sep  2,"3,297","Sep  2: 3,297 Recovered"
2020-09-03,wb,West Bengal,Recovered,3335,Sep  3,"3,335","Sep  3: 3,335 Recovered"
2020-09-04,wb,West Bengal,Recovered,3305,Sep  4,"3,305","Sep  4: 3,305 Recovered"
2020-09-05,wb,West Bengal,Recovered,3248,Sep  5,"3,248","Sep  5: 3,248 Recovered"
2020-09-06,wb,West Bengal,Recovered,3207,Sep  6,"3,207","Sep  6: 3,207 Recovered"
2020-09-07,wb,West Bengal,Recovered,3021,Sep  7,"3,021","Sep  7: 3,021 Recovered"
2020-09-08,wb,West Bengal,Recovered,2996,Sep  8,"2,996","Sep  8: 2,996 Recovered"
2020-09-09,wb,West Bengal,Recovered,2967,Sep  9,"2,967","Sep  9: 2,967 Recovered"
2020-09-10,wb,West Bengal,Recovered,3035,Sep 10,"3,035","Sep 10: 3,035 Recovered"
2020-09-11,wb,West Bengal,Recovered,3016,Sep 11,"3,016","Sep 11: 3,016 Recovered"
2020-09-12,wb,West Bengal,Recovered,3042,Sep 12,"3,042","Sep 12: 3,042 Recovered"
2020-09-13,wb,West Bengal,Recovered,3054,Sep 13,"3,054","Sep 13: 3,054 Recovered"
2020-09-14,wb,West Bengal,Recovered,3084,Sep 14,"3,084","Sep 14: 3,084 Recovered"
2020-09-15,wb,West Bengal,Recovered,2919,Sep 15,"2,919","Sep 15: 2,919 Recovered"
2020-09-16,wb,West Bengal,Recovered,2971,Sep 16,"2,971","Sep 16: 2,971 Recovered"
2020-09-17,wb,West Bengal,Recovered,2948,Sep 17,"2,948","Sep 17: 2,948 Recovered"
2020-09-18,wb,West Bengal,Recovered,2960,Sep 18,"2,960","Sep 18: 2,960 Recovered"
2020-09-19,wb,West Bengal,Recovered,2993,Sep 19,"2,993","Sep 19: 2,993 Recovered"
2020-09-20,wb,West Bengal,Recovered,2958,Sep 20,"2,958","Sep 20: 2,958 Recovered"
2020-09-21,wb,West Bengal,Recovered,3011,Sep 21,"3,011","Sep 21: 3,011 Recovered"
2020-09-22,wb,West Bengal,Recovered,3047,Sep 22,"3,047","Sep 22: 3,047 Recovered"
2020-09-23,wb,West Bengal,Recovered,2998,Sep 23,"2,998","Sep 23: 2,998 Recovered"
2020-09-24,wb,West Bengal,Recovered,3014,Sep 24,"3,014","Sep 24: 3,014 Recovered"
2020-09-25,wb,West Bengal,Recovered,2978,Sep 25,"2,978","Sep 25: 2,978 Recovered"
2020-09-26,wb,West Bengal,Recovered,2955,Sep 26,"2,955","Sep 26: 2,955 Recovered"
2020-09-27,wb,West Bengal,Recovered,2946,Sep 27,"2,946","Sep 27: 2,946 Recovered"
2020-09-28,wb,West Bengal,Recovered,2923,Sep 28,"2,923","Sep 28: 2,923 Recovered"
2020-09-29,wb,West Bengal,Recovered,2961,Sep 29,"2,961","Sep 29: 2,961 Recovered"
2020-09-30,wb,West Bengal,Recovered,2954,Sep 30,"2,954","Sep 30: 2,954 Recovered"
2020-10-01,wb,West Bengal,Recovered,2996,Oct  1,"2,996","Oct  1: 2,996 Recovered"
2020-10-02,wb,West Bengal,Recovered,2944,Oct  2,"2,944","Oct  2: 2,944 Recovered"
2020-10-03,wb,West Bengal,Recovered,3013,Oct  3,"3,013","Oct  3: 3,013 Recovered"
2020-10-04,wb,West Bengal,Recovered,2986,Oct  4,"2,986","Oct  4: 2,986 Recovered"
2020-10-05,wb,West Bengal,Recovered,3009,Oct  5,"3,009","Oct  5: 3,009 Recovered"
2020-10-06,wb,West Bengal,Recovered,3036,Oct  6,"3,036","Oct  6: 3,036 Recovered"
2020-10-07,wb,West Bengal,Recovered,3024,Oct  7,"3,024","Oct  7: 3,024 Recovered"
2020-10-08,wb,West Bengal,Recovered,2970,Oct  8,"2,970","Oct  8: 2,970 Recovered"
2020-10-09,wb,West Bengal,Recovered,3069,Oct  9,"3,069","Oct  9: 3,069 Recovered"
2020-10-10,wb,West Bengal,Recovered,3032,Oct 10,"3,032","Oct 10: 3,032 Recovered"
2020-10-11,wb,West Bengal,Recovered,3110,Oct 11,"3,110","Oct 11: 3,110 Recovered"
2020-10-12,wb,West Bengal,Recovered,3155,Oct 12,"3,155","Oct 12: 3,155 Recovered"
2020-10-13,wb,West Bengal,Recovered,3185,Oct 13,"3,185","Oct 13: 3,185 Recovered"
2020-10-14,wb,West Bengal,Recovered,3096,Oct 14,"3,096","Oct 14: 3,096 Recovered"
2020-10-15,wb,West Bengal,Recovered,3179,Oct 15,"3,179","Oct 15: 3,179 Recovered"
2020-10-16,wb,West Bengal,Recovered,3194,Oct 16,"3,194","Oct 16: 3,194 Recovered"
2020-10-17,wb,West Bengal,Recovered,3183,Oct 17,"3,183","Oct 17: 3,183 Recovered"
2020-10-18,wb,West Bengal,Recovered,3113,Oct 18,"3,113","Oct 18: 3,113 Recovered"
2020-10-19,wb,West Bengal,Recovered,3272,Oct 19,"3,272","Oct 19: 3,272 Recovered"
2020-10-20,wb,West Bengal,Recovered,3382,Oct 20,"3,382","Oct 20: 3,382 Recovered"
2020-10-21,wb,West Bengal,Recovered,3596,Oct 21,"3,596","Oct 21: 3,596 Recovered"
2020-10-22,wb,West Bengal,Recovered,3608,Oct 22,"3,608","Oct 22: 3,608 Recovered"
2020-10-23,wb,West Bengal,Recovered,3676,Oct 23,"3,676","Oct 23: 3,676 Recovered"
2020-10-24,wb,West Bengal,Recovered,3753,Oct 24,"3,753","Oct 24: 3,753 Recovered"
2020-10-25,wb,West Bengal,Recovered,3857,Oct 25,"3,857","Oct 25: 3,857 Recovered"
2020-10-26,wb,West Bengal,Recovered,3889,Oct 26,"3,889","Oct 26: 3,889 Recovered"
2020-10-27,wb,West Bengal,Recovered,3917,Oct 27,"3,917","Oct 27: 3,917 Recovered"
2020-10-28,wb,West Bengal,Recovered,3925,Oct 28,"3,925","Oct 28: 3,925 Recovered"
2020-10-29,wb,West Bengal,Recovered,3945,Oct 29,"3,945","Oct 29: 3,945 Recovered"
2020-10-30,wb,West Bengal,Recovered,4015,Oct 30,"4,015","Oct 30: 4,015 Recovered"
2020-10-31,wb,West Bengal,Recovered,4049,Oct 31,"4,049","Oct 31: 4,049 Recovered"
2020-11-01,wb,West Bengal,Recovered,4053,Nov  1,"4,053","Nov  1: 4,053 Recovered"
2020-11-02,wb,West Bengal,Recovered,4085,Nov  2,"4,085","Nov  2: 4,085 Recovered"
2020-11-03,wb,West Bengal,Recovered,4058,Nov  3,"4,058","Nov  3: 4,058 Recovered"
2020-11-04,wb,West Bengal,Recovered,4129,Nov  4,"4,129","Nov  4: 4,129 Recovered"
2020-11-05,wb,West Bengal,Recovered,4187,Nov  5,"4,187","Nov  5: 4,187 Recovered"
2020-11-06,wb,West Bengal,Recovered,4283,Nov  6,"4,283","Nov  6: 4,283 Recovered"
2020-11-07,wb,West Bengal,Recovered,4339,Nov  7,"4,339","Nov  7: 4,339 Recovered"
2020-11-08,wb,West Bengal,Recovered,4383,Nov  8,"4,383","Nov  8: 4,383 Recovered"
2020-11-09,wb,West Bengal,Recovered,4396,Nov  9,"4,396","Nov  9: 4,396 Recovered"
2020-11-10,wb,West Bengal,Recovered,4415,Nov 10,"4,415","Nov 10: 4,415 Recovered"
2020-11-11,wb,West Bengal,Recovered,4431,Nov 11,"4,431","Nov 11: 4,431 Recovered"
2020-11-12,wb,West Bengal,Recovered,4453,Nov 12,"4,453","Nov 12: 4,453 Recovered"
2020-11-13,wb,West Bengal,Recovered,4468,Nov 13,"4,468","Nov 13: 4,468 Recovered"
2020-11-14,wb,West Bengal,Recovered,4479,Nov 14,"4,479","Nov 14: 4,479 Recovered"
2020-11-15,wb,West Bengal,Recovered,4480,Nov 15,"4,480","Nov 15: 4,480 Recovered"
2020-11-16,wb,West Bengal,Recovered,4376,Nov 16,"4,376","Nov 16: 4,376 Recovered"
2020-11-17,wb,West Bengal,Recovered,4388,Nov 17,"4,388","Nov 17: 4,388 Recovered"
2020-11-18,wb,West Bengal,Recovered,4429,Nov 18,"4,429","Nov 18: 4,429 Recovered"
2020-11-19,wb,West Bengal,Recovered,3990,Nov 19,"3,990","Nov 19: 3,990 Recovered"
2020-11-20,wb,West Bengal,Recovered,3850,Nov 20,"3,850","Nov 20: 3,850 Recovered"
2020-11-21,wb,West Bengal,Recovered,3794,Nov 21,"3,794","Nov 21: 3,794 Recovered"
2020-11-22,wb,West Bengal,Recovered,3726,Nov 22,"3,726","Nov 22: 3,726 Recovered"
2020-11-23,wb,West Bengal,Recovered,3687,Nov 23,"3,687","Nov 23: 3,687 Recovered"
2020-11-24,wb,West Bengal,Recovered,3646,Nov 24,"3,646","Nov 24: 3,646 Recovered"
2020-11-25,wb,West Bengal,Recovered,3605,Nov 25,"3,605","Nov 25: 3,605 Recovered"
2020-11-26,wb,West Bengal,Recovered,3537,Nov 26,"3,537","Nov 26: 3,537 Recovered"
2020-11-27,wb,West Bengal,Recovered,3496,Nov 27,"3,496","Nov 27: 3,496 Recovered"
2020-11-28,wb,West Bengal,Recovered,3487,Nov 28,"3,487","Nov 28: 3,487 Recovered"
2020-11-29,wb,West Bengal,Recovered,3445,Nov 29,"3,445","Nov 29: 3,445 Recovered"
2020-11-30,wb,West Bengal,Recovered,2730,Nov 30,"2,730","Nov 30: 2,730 Recovered"
2020-12-01,wb,West Bengal,Recovered,3340,Dec  1,"3,340","Dec  1: 3,340 Recovered"
2020-12-02,wb,West Bengal,Recovered,3275,Dec  2,"3,275","Dec  2: 3,275 Recovered"
2020-12-03,wb,West Bengal,Recovered,3257,Dec  3,"3,257","Dec  3: 3,257 Recovered"
2020-12-04,wb,West Bengal,Recovered,3215,Dec  4,"3,215","Dec  4: 3,215 Recovered"
2020-12-05,wb,West Bengal,Recovered,3207,Dec  5,"3,207","Dec  5: 3,207 Recovered"
2020-12-06,wb,West Bengal,Recovered,3167,Dec  6,"3,167","Dec  6: 3,167 Recovered"
2020-12-07,wb,West Bengal,Recovered,2231,Dec  7,"2,231","Dec  7: 2,231 Recovered"
2020-12-08,wb,West Bengal,Recovered,2971,Dec  8,"2,971","Dec  8: 2,971 Recovered"
2020-12-09,wb,West Bengal,Recovered,3009,Dec  9,"3,009","Dec  9: 3,009 Recovered"
2020-12-10,wb,West Bengal,Recovered,2951,Dec 10,"2,951","Dec 10: 2,951 Recovered"
2020-12-11,wb,West Bengal,Recovered,2873,Dec 11,"2,873","Dec 11: 2,873 Recovered"
2020-12-12,wb,West Bengal,Recovered,2913,Dec 12,"2,913","Dec 12: 2,913 Recovered"
2020-12-13,wb,West Bengal,Recovered,2994,Dec 13,"2,994","Dec 13: 2,994 Recovered"
2020-12-14,wb,West Bengal,Recovered,2980,Dec 14,"2,980","Dec 14: 2,980 Recovered"
2020-12-15,wb,West Bengal,Recovered,2965,Dec 15,"2,965","Dec 15: 2,965 Recovered"
2020-12-16,wb,West Bengal,Recovered,2767,Dec 16,"2,767","Dec 16: 2,767 Recovered"
2020-12-17,wb,West Bengal,Recovered,2747,Dec 17,"2,747","Dec 17: 2,747 Recovered"
2020-12-18,wb,West Bengal,Recovered,2729,Dec 18,"2,729","Dec 18: 2,729 Recovered"
2020-12-19,wb,West Bengal,Recovered,2717,Dec 19,"2,717","Dec 19: 2,717 Recovered"
2020-12-20,wb,West Bengal,Recovered,2627,Dec 20,"2,627","Dec 20: 2,627 Recovered"
2020-12-21,wb,West Bengal,Recovered,2342,Dec 21,"2,342","Dec 21: 2,342 Recovered"
2020-12-22,wb,West Bengal,Recovered,2270,Dec 22,"2,270","Dec 22: 2,270 Recovered"
2020-12-23,wb,West Bengal,Recovered,2153,Dec 23,"2,153","Dec 23: 2,153 Recovered"
2020-12-24,wb,West Bengal,Recovered,2054,Dec 24,"2,054","Dec 24: 2,054 Recovered"
2020-12-25,wb,West Bengal,Recovered,1954,Dec 25,"1,954","Dec 25: 1,954 Recovered"
2020-12-26,wb,West Bengal,Recovered,1861,Dec 26,"1,861","Dec 26: 1,861 Recovered"
2020-12-27,wb,West Bengal,Recovered,1740,Dec 27,"1,740","Dec 27: 1,740 Recovered"
2020-12-28,wb,West Bengal,Recovered,1614,Dec 28,"1,614","Dec 28: 1,614 Recovered"
2020-12-29,wb,West Bengal,Recovered,1587,Dec 29,"1,587","Dec 29: 1,587 Recovered"
2020-12-30,wb,West Bengal,Recovered,1557,Dec 30,"1,557","Dec 30: 1,557 Recovered"
2020-12-31,wb,West Bengal,Recovered,1537,Dec 31,"1,537","Dec 31: 1,537 Recovered"
2021-01-01,wb,West Bengal,Recovered,1496,Jan  1,"1,496","Jan  1: 1,496 Recovered"
2021-01-02,wb,West Bengal,Recovered,1443,Jan  2,"1,443","Jan  2: 1,443 Recovered"
2021-01-03,wb,West Bengal,Recovered,1432,Jan  3,"1,432","Jan  3: 1,432 Recovered"
2021-01-04,wb,West Bengal,Recovered,1347,Jan  4,"1,347","Jan  4: 1,347 Recovered"
2021-01-05,wb,West Bengal,Recovered,1166,Jan  5,"1,166","Jan  5: 1,166 Recovered"
2021-01-06,wb,West Bengal,Recovered,1271,Jan  6,"1,271","Jan  6: 1,271 Recovered"
2021-01-07,wb,West Bengal,Recovered,1295,Jan  7,"1,295","Jan  7: 1,295 Recovered"
2021-01-08,wb,West Bengal,Recovered,1136,Jan  8,"1,136","Jan  8: 1,136 Recovered"
2021-01-09,wb,West Bengal,Recovered,978,Jan  9,978,Jan  9: 978 Recovered
2021-01-10,wb,West Bengal,Recovered,957,Jan 10,957,Jan 10: 957 Recovered
2021-01-11,wb,West Bengal,Recovered,939,Jan 11,939,Jan 11: 939 Recovered
2020-05-01,wb,West Bengal,Fatalities,8,May  1,8,May  1: 8 Fatalities
2020-05-02,wb,West Bengal,Fatalities,7,May  2,7,May  2: 7 Fatalities
2020-05-03,wb,West Bengal,Fatalities,74,May  3,74,May  3: 74 Fatalities
2020-05-04,wb,West Bengal,Fatalities,11,May  4,11,May  4: 11 Fatalities
2020-05-05,wb,West Bengal,Fatalities,7,May  5,7,May  5: 7 Fatalities
2020-05-06,wb,West Bengal,Fatalities,4,May  6,4,May  6: 4 Fatalities
2020-05-07,wb,West Bengal,Fatalities,7,May  7,7,May  7: 7 Fatalities
2020-05-08,wb,West Bengal,Fatalities,9,May  8,9,May  8: 9 Fatalities
2020-05-09,wb,West Bengal,Fatalities,11,May  9,11,May  9: 11 Fatalities
2020-05-10,wb,West Bengal,Fatalities,14,May 10,14,May 10: 14 Fatalities
2020-05-11,wb,West Bengal,Fatalities,5,May 11,5,May 11: 5 Fatalities
2020-05-12,wb,West Bengal,Fatalities,8,May 12,8,May 12: 8 Fatalities
2020-05-13,wb,West Bengal,Fatalities,9,May 13,9,May 13: 9 Fatalities
2020-05-14,wb,West Bengal,Fatalities,8,May 14,8,May 14: 8 Fatalities
2020-05-15,wb,West Bengal,Fatalities,10,May 15,10,May 15: 10 Fatalities
2020-05-16,wb,West Bengal,Fatalities,7,May 16,7,May 16: 7 Fatalities
2020-05-17,wb,West Bengal,Fatalities,6,May 17,6,May 17: 6 Fatalities
2020-05-18,wb,West Bengal,Fatalities,6,May 18,6,May 18: 6 Fatalities
2020-05-19,wb,West Bengal,Fatalities,6,May 19,6,May 19: 6 Fatalities
2020-05-20,wb,West Bengal,Fatalities,3,May 20,3,May 20: 3 Fatalities
2020-05-21,wb,West Bengal,Fatalities,6,May 21,6,May 21: 6 Fatalities
2020-05-22,wb,West Bengal,Fatalities,6,May 22,6,May 22: 6 Fatalities
2020-05-23,wb,West Bengal,Fatalities,4,May 23,4,May 23: 4 Fatalities
2020-05-24,wb,West Bengal,Fatalities,3,May 24,3,May 24: 3 Fatalities
2020-05-25,wb,West Bengal,Fatalities,6,May 25,6,May 25: 6 Fatalities
2020-05-26,wb,West Bengal,Fatalities,5,May 26,5,May 26: 5 Fatalities
2020-05-27,wb,West Bengal,Fatalities,6,May 27,6,May 27: 6 Fatalities
2020-05-28,wb,West Bengal,Fatalities,6,May 28,6,May 28: 6 Fatalities
2020-05-29,wb,West Bengal,Fatalities,7,May 29,7,May 29: 7 Fatalities
2020-05-30,wb,West Bengal,Fatalities,7,May 30,7,May 30: 7 Fatalities
2020-05-31,wb,West Bengal,Fatalities,8,May 31,8,May 31: 8 Fatalities
2020-06-01,wb,West Bengal,Fatalities,8,Jun  1,8,Jun  1: 8 Fatalities
2020-06-02,wb,West Bengal,Fatalities,10,Jun  2,10,Jun  2: 10 Fatalities
2020-06-03,wb,West Bengal,Fatalities,10,Jun  3,10,Jun  3: 10 Fatalities
2020-06-04,wb,West Bengal,Fatalities,10,Jun  4,10,Jun  4: 10 Fatalities
2020-06-05,wb,West Bengal,Fatalities,11,Jun  5,11,Jun  5: 11 Fatalities
2020-06-06,wb,West Bengal,Fatalities,17,Jun  6,17,Jun  6: 17 Fatalities
2020-06-07,wb,West Bengal,Fatalities,13,Jun  7,13,Jun  7: 13 Fatalities
2020-06-08,wb,West Bengal,Fatalities,9,Jun  8,9,Jun  8: 9 Fatalities
2020-06-09,wb,West Bengal,Fatalities,10,Jun  9,10,Jun  9: 10 Fatalities
2020-06-10,wb,West Bengal,Fatalities,17,Jun 10,17,Jun 10: 17 Fatalities
2020-06-11,wb,West Bengal,Fatalities,10,Jun 11,10,Jun 11: 10 Fatalities
2020-06-12,wb,West Bengal,Fatalities,9,Jun 12,9,Jun 12: 9 Fatalities
2020-06-13,wb,West Bengal,Fatalities,12,Jun 13,12,Jun 13: 12 Fatalities
2020-06-14,wb,West Bengal,Fatalities,12,Jun 14,12,Jun 14: 12 Fatalities
2020-06-15,wb,West Bengal,Fatalities,10,Jun 15,10,Jun 15: 10 Fatalities
2020-06-16,wb,West Bengal,Fatalities,10,Jun 16,10,Jun 16: 10 Fatalities
2020-06-17,wb,West Bengal,Fatalities,11,Jun 17,11,Jun 17: 11 Fatalities
2020-06-18,wb,West Bengal,Fatalities,12,Jun 18,12,Jun 18: 12 Fatalities
2020-06-19,wb,West Bengal,Fatalities,11,Jun 19,11,Jun 19: 11 Fatalities
2020-06-20,wb,West Bengal,Fatalities,11,Jun 20,11,Jun 20: 11 Fatalities
2020-06-21,wb,West Bengal,Fatalities,15,Jun 21,15,Jun 21: 15 Fatalities
2020-06-22,wb,West Bengal,Fatalities,14,Jun 22,14,Jun 22: 14 Fatalities
2020-06-23,wb,West Bengal,Fatalities,11,Jun 23,11,Jun 23: 11 Fatalities
2020-06-24,wb,West Bengal,Fatalities,11,Jun 24,11,Jun 24: 11 Fatalities
2020-06-25,wb,West Bengal,Fatalities,15,Jun 25,15,Jun 25: 15 Fatalities
2020-06-26,wb,West Bengal,Fatalities,10,Jun 26,10,Jun 26: 10 Fatalities
2020-06-27,wb,West Bengal,Fatalities,13,Jun 27,13,Jun 27: 13 Fatalities
2020-06-28,wb,West Bengal,Fatalities,10,Jun 28,10,Jun 28: 10 Fatalities
2020-06-29,wb,West Bengal,Fatalities,14,Jun 29,14,Jun 29: 14 Fatalities
2020-06-30,wb,West Bengal,Fatalities,15,Jun 30,15,Jun 30: 15 Fatalities
2020-07-01,wb,West Bengal,Fatalities,15,Jul  1,15,Jul  1: 15 Fatalities
2020-07-02,wb,West Bengal,Fatalities,16,Jul  2,16,Jul  2: 16 Fatalities
2020-07-03,wb,West Bengal,Fatalities,18,Jul  3,18,Jul  3: 18 Fatalities
2020-07-04,wb,West Bengal,Fatalities,19,Jul  4,19,Jul  4: 19 Fatalities
2020-07-05,wb,West Bengal,Fatalities,21,Jul  5,21,Jul  5: 21 Fatalities
2020-07-06,wb,West Bengal,Fatalities,22,Jul  6,22,Jul  6: 22 Fatalities
2020-07-07,wb,West Bengal,Fatalities,25,Jul  7,25,Jul  7: 25 Fatalities
2020-07-08,wb,West Bengal,Fatalities,23,Jul  8,23,Jul  8: 23 Fatalities
2020-07-09,wb,West Bengal,Fatalities,27,Jul  9,27,Jul  9: 27 Fatalities
2020-07-10,wb,West Bengal,Fatalities,26,Jul 10,26,Jul 10: 26 Fatalities
2020-07-11,wb,West Bengal,Fatalities,26,Jul 11,26,Jul 11: 26 Fatalities
2020-07-12,wb,West Bengal,Fatalities,26,Jul 12,26,Jul 12: 26 Fatalities
2020-07-13,wb,West Bengal,Fatalities,24,Jul 13,24,Jul 13: 24 Fatalities
2020-07-14,wb,West Bengal,Fatalities,24,Jul 14,24,Jul 14: 24 Fatalities
2020-07-15,wb,West Bengal,Fatalities,20,Jul 15,20,Jul 15: 20 Fatalities
2020-07-16,wb,West Bengal,Fatalities,23,Jul 16,23,Jul 16: 23 Fatalities
2020-07-17,wb,West Bengal,Fatalities,26,Jul 17,26,Jul 17: 26 Fatalities
2020-07-18,wb,West Bengal,Fatalities,27,Jul 18,27,Jul 18: 27 Fatalities
2020-07-19,wb,West Bengal,Fatalities,36,Jul 19,36,Jul 19: 36 Fatalities
2020-07-20,wb,West Bengal,Fatalities,35,Jul 20,35,Jul 20: 35 Fatalities
2020-07-21,wb,West Bengal,Fatalities,35,Jul 21,35,Jul 21: 35 Fatalities
2020-07-22,wb,West Bengal,Fatalities,39,Jul 22,39,Jul 22: 39 Fatalities
2020-07-23,wb,West Bengal,Fatalities,34,Jul 23,34,Jul 23: 34 Fatalities
2020-07-24,wb,West Bengal,Fatalities,35,Jul 24,35,Jul 24: 35 Fatalities
2020-07-25,wb,West Bengal,Fatalities,42,Jul 25,42,Jul 25: 42 Fatalities
2020-07-26,wb,West Bengal,Fatalities,40,Jul 26,40,Jul 26: 40 Fatalities
2020-07-27,wb,West Bengal,Fatalities,39,Jul 27,39,Jul 27: 39 Fatalities
2020-07-28,wb,West Bengal,Fatalities,38,Jul 28,38,Jul 28: 38 Fatalities
2020-07-29,wb,West Bengal,Fatalities,41,Jul 29,41,Jul 29: 41 Fatalities
2020-07-30,wb,West Bengal,Fatalities,46,Jul 30,46,Jul 30: 46 Fatalities
2020-07-31,wb,West Bengal,Fatalities,45,Jul 31,45,Jul 31: 45 Fatalities
2020-08-01,wb,West Bengal,Fatalities,48,Aug  1,48,Aug  1: 48 Fatalities
2020-08-02,wb,West Bengal,Fatalities,49,Aug  2,49,Aug  2: 49 Fatalities
2020-08-03,wb,West Bengal,Fatalities,53,Aug  3,53,Aug  3: 53 Fatalities
2020-08-04,wb,West Bengal,Fatalities,54,Aug  4,54,Aug  4: 54 Fatalities
2020-08-05,wb,West Bengal,Fatalities,61,Aug  5,61,Aug  5: 61 Fatalities
2020-08-06,wb,West Bengal,Fatalities,56,Aug  6,56,Aug  6: 56 Fatalities
2020-08-07,wb,West Bengal,Fatalities,52,Aug  7,52,Aug  7: 52 Fatalities
2020-08-08,wb,West Bengal,Fatalities,51,Aug  8,51,Aug  8: 51 Fatalities
2020-08-09,wb,West Bengal,Fatalities,54,Aug  9,54,Aug  9: 54 Fatalities
2020-08-10,wb,West Bengal,Fatalities,41,Aug 10,41,Aug 10: 41 Fatalities
2020-08-11,wb,West Bengal,Fatalities,49,Aug 11,49,Aug 11: 49 Fatalities
2020-08-12,wb,West Bengal,Fatalities,54,Aug 12,54,Aug 12: 54 Fatalities
2020-08-13,wb,West Bengal,Fatalities,56,Aug 13,56,Aug 13: 56 Fatalities
2020-08-14,wb,West Bengal,Fatalities,60,Aug 14,60,Aug 14: 60 Fatalities
2020-08-15,wb,West Bengal,Fatalities,58,Aug 15,58,Aug 15: 58 Fatalities
2020-08-16,wb,West Bengal,Fatalities,51,Aug 16,51,Aug 16: 51 Fatalities
2020-08-17,wb,West Bengal,Fatalities,45,Aug 17,45,Aug 17: 45 Fatalities
2020-08-18,wb,West Bengal,Fatalities,55,Aug 18,55,Aug 18: 55 Fatalities
2020-08-19,wb,West Bengal,Fatalities,53,Aug 19,53,Aug 19: 53 Fatalities
2020-08-20,wb,West Bengal,Fatalities,53,Aug 20,53,Aug 20: 53 Fatalities
2020-08-21,wb,West Bengal,Fatalities,55,Aug 21,55,Aug 21: 55 Fatalities
2020-08-22,wb,West Bengal,Fatalities,48,Aug 22,48,Aug 22: 48 Fatalities
2020-08-23,wb,West Bengal,Fatalities,57,Aug 23,57,Aug 23: 57 Fatalities
2020-08-24,wb,West Bengal,Fatalities,57,Aug 24,57,Aug 24: 57 Fatalities
2020-08-25,wb,West Bengal,Fatalities,58,Aug 25,58,Aug 25: 58 Fatalities
2020-08-26,wb,West Bengal,Fatalities,55,Aug 26,55,Aug 26: 55 Fatalities
2020-08-27,wb,West Bengal,Fatalities,53,Aug 27,53,Aug 27: 53 Fatalities
2020-08-28,wb,West Bengal,Fatalities,56,Aug 28,56,Aug 28: 56 Fatalities
2020-08-29,wb,West Bengal,Fatalities,53,Aug 29,53,Aug 29: 53 Fatalities
2020-08-30,wb,West Bengal,Fatalities,50,Aug 30,50,Aug 30: 50 Fatalities
2020-08-31,wb,West Bengal,Fatalities,52,Aug 31,52,Aug 31: 52 Fatalities
2020-09-01,wb,West Bengal,Fatalities,55,Sep  1,55,Sep  1: 55 Fatalities
2020-09-02,wb,West Bengal,Fatalities,56,Sep  2,56,Sep  2: 56 Fatalities
2020-09-03,wb,West Bengal,Fatalities,55,Sep  3,55,Sep  3: 55 Fatalities
2020-09-04,wb,West Bengal,Fatalities,58,Sep  4,58,Sep  4: 58 Fatalities
2020-09-05,wb,West Bengal,Fatalities,58,Sep  5,58,Sep  5: 58 Fatalities
2020-09-06,wb,West Bengal,Fatalities,52,Sep  6,52,Sep  6: 52 Fatalities
2020-09-07,wb,West Bengal,Fatalities,58,Sep  7,58,Sep  7: 58 Fatalities
2020-09-08,wb,West Bengal,Fatalities,57,Sep  8,57,Sep  8: 57 Fatalities
2020-09-09,wb,West Bengal,Fatalities,53,Sep  9,53,Sep  9: 53 Fatalities
2020-09-10,wb,West Bengal,Fatalities,41,Sep 10,41,Sep 10: 41 Fatalities
2020-09-11,wb,West Bengal,Fatalities,57,Sep 11,57,Sep 11: 57 Fatalities
2020-09-12,wb,West Bengal,Fatalities,59,Sep 12,59,Sep 12: 59 Fatalities
2020-09-13,wb,West Bengal,Fatalities,58,Sep 13,58,Sep 13: 58 Fatalities
2020-09-14,wb,West Bengal,Fatalities,58,Sep 14,58,Sep 14: 58 Fatalities
2020-09-15,wb,West Bengal,Fatalities,59,Sep 15,59,Sep 15: 59 Fatalities
2020-09-16,wb,West Bengal,Fatalities,61,Sep 16,61,Sep 16: 61 Fatalities
2020-09-17,wb,West Bengal,Fatalities,60,Sep 17,60,Sep 17: 60 Fatalities
2020-09-18,wb,West Bengal,Fatalities,59,Sep 18,59,Sep 18: 59 Fatalities
2020-09-19,wb,West Bengal,Fatalities,56,Sep 19,56,Sep 19: 56 Fatalities
2020-09-20,wb,West Bengal,Fatalities,61,Sep 20,61,Sep 20: 61 Fatalities
2020-09-21,wb,West Bengal,Fatalities,62,Sep 21,62,Sep 21: 62 Fatalities
2020-09-22,wb,West Bengal,Fatalities,62,Sep 22,62,Sep 22: 62 Fatalities
2020-09-23,wb,West Bengal,Fatalities,61,Sep 23,61,Sep 23: 61 Fatalities
2020-09-24,wb,West Bengal,Fatalities,62,Sep 24,62,Sep 24: 62 Fatalities
2020-09-25,wb,West Bengal,Fatalities,59,Sep 25,59,Sep 25: 59 Fatalities
2020-09-26,wb,West Bengal,Fatalities,56,Sep 26,56,Sep 26: 56 Fatalities
2020-09-27,wb,West Bengal,Fatalities,60,Sep 27,60,Sep 27: 60 Fatalities
2020-09-28,wb,West Bengal,Fatalities,56,Sep 28,56,Sep 28: 56 Fatalities
2020-09-29,wb,West Bengal,Fatalities,62,Sep 29,62,Sep 29: 62 Fatalities
2020-09-30,wb,West Bengal,Fatalities,59,Sep 30,59,Sep 30: 59 Fatalities
2020-10-01,wb,West Bengal,Fatalities,59,Oct  1,59,Oct  1: 59 Fatalities
2020-10-02,wb,West Bengal,Fatalities,53,Oct  2,53,Oct  2: 53 Fatalities
2020-10-03,wb,West Bengal,Fatalities,62,Oct  3,62,Oct  3: 62 Fatalities
2020-10-04,wb,West Bengal,Fatalities,62,Oct  4,62,Oct  4: 62 Fatalities
2020-10-05,wb,West Bengal,Fatalities,61,Oct  5,61,Oct  5: 61 Fatalities
2020-10-06,wb,West Bengal,Fatalities,63,Oct  6,63,Oct  6: 63 Fatalities
2020-10-07,wb,West Bengal,Fatalities,58,Oct  7,58,Oct  7: 58 Fatalities
2020-10-08,wb,West Bengal,Fatalities,63,Oct  8,63,Oct  8: 63 Fatalities
2020-10-09,wb,West Bengal,Fatalities,62,Oct  9,62,Oct  9: 62 Fatalities
2020-10-10,wb,West Bengal,Fatalities,62,Oct 10,62,Oct 10: 62 Fatalities
2020-10-11,wb,West Bengal,Fatalities,59,Oct 11,59,Oct 11: 59 Fatalities
2020-10-12,wb,West Bengal,Fatalities,60,Oct 12,60,Oct 12: 60 Fatalities
2020-10-13,wb,West Bengal,Fatalities,62,Oct 13,62,Oct 13: 62 Fatalities
2020-10-14,wb,West Bengal,Fatalities,64,Oct 14,64,Oct 14: 64 Fatalities
2020-10-15,wb,West Bengal,Fatalities,62,Oct 15,62,Oct 15: 62 Fatalities
2020-10-16,wb,West Bengal,Fatalities,61,Oct 16,61,Oct 16: 61 Fatalities
2020-10-17,wb,West Bengal,Fatalities,61,Oct 17,61,Oct 17: 61 Fatalities
2020-10-18,wb,West Bengal,Fatalities,64,Oct 18,64,Oct 18: 64 Fatalities
2020-10-19,wb,West Bengal,Fatalities,63,Oct 19,63,Oct 19: 63 Fatalities
2020-10-20,wb,West Bengal,Fatalities,61,Oct 20,61,Oct 20: 61 Fatalities
2020-10-21,wb,West Bengal,Fatalities,64,Oct 21,64,Oct 21: 64 Fatalities
2020-10-22,wb,West Bengal,Fatalities,64,Oct 22,64,Oct 22: 64 Fatalities
2020-10-23,wb,West Bengal,Fatalities,60,Oct 23,60,Oct 23: 60 Fatalities
2020-10-24,wb,West Bengal,Fatalities,59,Oct 24,59,Oct 24: 59 Fatalities
2020-10-25,wb,West Bengal,Fatalities,60,Oct 25,60,Oct 25: 60 Fatalities
2020-10-26,wb,West Bengal,Fatalities,59,Oct 26,59,Oct 26: 59 Fatalities
2020-10-27,wb,West Bengal,Fatalities,58,Oct 27,58,Oct 27: 58 Fatalities
2020-10-28,wb,West Bengal,Fatalities,60,Oct 28,60,Oct 28: 60 Fatalities
2020-10-29,wb,West Bengal,Fatalities,61,Oct 29,61,Oct 29: 61 Fatalities
2020-10-30,wb,West Bengal,Fatalities,59,Oct 30,59,Oct 30: 59 Fatalities
2020-10-31,wb,West Bengal,Fatalities,57,Oct 31,57,Oct 31: 57 Fatalities
2020-11-01,wb,West Bengal,Fatalities,59,Nov  1,59,Nov  1: 59 Fatalities
2020-11-02,wb,West Bengal,Fatalities,57,Nov  2,57,Nov  2: 57 Fatalities
2020-11-03,wb,West Bengal,Fatalities,56,Nov  3,56,Nov  3: 56 Fatalities
2020-11-04,wb,West Bengal,Fatalities,55,Nov  4,55,Nov  4: 55 Fatalities
2020-11-05,wb,West Bengal,Fatalities,54,Nov  5,54,Nov  5: 54 Fatalities
2020-11-06,wb,West Bengal,Fatalities,55,Nov  6,55,Nov  6: 55 Fatalities
2020-11-07,wb,West Bengal,Fatalities,58,Nov  7,58,Nov  7: 58 Fatalities
2020-11-08,wb,West Bengal,Fatalities,59,Nov  8,59,Nov  8: 59 Fatalities
2020-11-09,wb,West Bengal,Fatalities,56,Nov  9,56,Nov  9: 56 Fatalities
2020-11-10,wb,West Bengal,Fatalities,53,Nov 10,53,Nov 10: 53 Fatalities
2020-11-11,wb,West Bengal,Fatalities,49,Nov 11,49,Nov 11: 49 Fatalities
2020-11-12,wb,West Bengal,Fatalities,54,Nov 12,54,Nov 12: 54 Fatalities
2020-11-13,wb,West Bengal,Fatalities,51,Nov 13,51,Nov 13: 51 Fatalities
2020-11-14,wb,West Bengal,Fatalities,53,Nov 14,53,Nov 14: 53 Fatalities
2020-11-15,wb,West Bengal,Fatalities,51,Nov 15,51,Nov 15: 51 Fatalities
2020-11-16,wb,West Bengal,Fatalities,53,Nov 16,53,Nov 16: 53 Fatalities
2020-11-17,wb,West Bengal,Fatalities,52,Nov 17,52,Nov 17: 52 Fatalities
2020-11-18,wb,West Bengal,Fatalities,54,Nov 18,54,Nov 18: 54 Fatalities
2020-11-19,wb,West Bengal,Fatalities,53,Nov 19,53,Nov 19: 53 Fatalities
2020-11-20,wb,West Bengal,Fatalities,50,Nov 20,50,Nov 20: 50 Fatalities
2020-11-21,wb,West Bengal,Fatalities,53,Nov 21,53,Nov 21: 53 Fatalities
2020-11-22,wb,West Bengal,Fatalities,49,Nov 22,49,Nov 22: 49 Fatalities
2020-11-23,wb,West Bengal,Fatalities,47,Nov 23,47,Nov 23: 47 Fatalities
2020-11-24,wb,West Bengal,Fatalities,49,Nov 24,49,Nov 24: 49 Fatalities
2020-11-25,wb,West Bengal,Fatalities,51,Nov 25,51,Nov 25: 51 Fatalities
2020-11-26,wb,West Bengal,Fatalities,52,Nov 26,52,Nov 26: 52 Fatalities
2020-11-27,wb,West Bengal,Fatalities,46,Nov 27,46,Nov 27: 46 Fatalities
2020-11-28,wb,West Bengal,Fatalities,52,Nov 28,52,Nov 28: 52 Fatalities
2020-11-29,wb,West Bengal,Fatalities,54,Nov 29,54,Nov 29: 54 Fatalities
2020-11-30,wb,West Bengal,Fatalities,48,Nov 30,48,Nov 30: 48 Fatalities
2020-12-01,wb,West Bengal,Fatalities,52,Dec  1,52,Dec  1: 52 Fatalities
2020-12-02,wb,West Bengal,Fatalities,51,Dec  2,51,Dec  2: 51 Fatalities
2020-12-03,wb,West Bengal,Fatalities,49,Dec  3,49,Dec  3: 49 Fatalities
2020-12-04,wb,West Bengal,Fatalities,52,Dec  4,52,Dec  4: 52 Fatalities
2020-12-05,wb,West Bengal,Fatalities,49,Dec  5,49,Dec  5: 49 Fatalities
2020-12-06,wb,West Bengal,Fatalities,46,Dec  6,46,Dec  6: 46 Fatalities
2020-12-07,wb,West Bengal,Fatalities,48,Dec  7,48,Dec  7: 48 Fatalities
2020-12-08,wb,West Bengal,Fatalities,49,Dec  8,49,Dec  8: 49 Fatalities
2020-12-09,wb,West Bengal,Fatalities,47,Dec  9,47,Dec  9: 47 Fatalities
2020-12-10,wb,West Bengal,Fatalities,49,Dec 10,49,Dec 10: 49 Fatalities
2020-12-11,wb,West Bengal,Fatalities,50,Dec 11,50,Dec 11: 50 Fatalities
2020-12-12,wb,West Bengal,Fatalities,44,Dec 12,44,Dec 12: 44 Fatalities
2020-12-13,wb,West Bengal,Fatalities,47,Dec 13,47,Dec 13: 47 Fatalities
2020-12-14,wb,West Bengal,Fatalities,43,Dec 14,43,Dec 14: 43 Fatalities
2020-12-15,wb,West Bengal,Fatalities,45,Dec 15,45,Dec 15: 45 Fatalities
2020-12-16,wb,West Bengal,Fatalities,46,Dec 16,46,Dec 16: 46 Fatalities
2020-12-17,wb,West Bengal,Fatalities,44,Dec 17,44,Dec 17: 44 Fatalities
2020-12-18,wb,West Bengal,Fatalities,42,Dec 18,42,Dec 18: 42 Fatalities
2020-12-19,wb,West Bengal,Fatalities,43,Dec 19,43,Dec 19: 43 Fatalities
2020-12-20,wb,West Bengal,Fatalities,40,Dec 20,40,Dec 20: 40 Fatalities
2020-12-21,wb,West Bengal,Fatalities,41,Dec 21,41,Dec 21: 41 Fatalities
2020-12-22,wb,West Bengal,Fatalities,38,Dec 22,38,Dec 22: 38 Fatalities
2020-12-23,wb,West Bengal,Fatalities,34,Dec 23,34,Dec 23: 34 Fatalities
2020-12-24,wb,West Bengal,Fatalities,32,Dec 24,32,Dec 24: 32 Fatalities
2020-12-25,wb,West Bengal,Fatalities,31,Dec 25,31,Dec 25: 31 Fatalities
2020-12-26,wb,West Bengal,Fatalities,33,Dec 26,33,Dec 26: 33 Fatalities
2020-12-27,wb,West Bengal,Fatalities,29,Dec 27,29,Dec 27: 29 Fatalities
2020-12-28,wb,West Bengal,Fatalities,27,Dec 28,27,Dec 28: 27 Fatalities
2020-12-29,wb,West Bengal,Fatalities,30,Dec 29,30,Dec 29: 30 Fatalities
2020-12-30,wb,West Bengal,Fatalities,28,Dec 30,28,Dec 30: 28 Fatalities
2020-12-31,wb,West Bengal,Fatalities,29,Dec 31,29,Dec 31: 29 Fatalities
2021-01-01,wb,West Bengal,Fatalities,26,Jan  1,26,Jan  1: 26 Fatalities
2021-01-02,wb,West Bengal,Fatalities,28,Jan  2,28,Jan  2: 28 Fatalities
2021-01-03,wb,West Bengal,Fatalities,26,Jan  3,26,Jan  3: 26 Fatalities
2021-01-04,wb,West Bengal,Fatalities,25,Jan  4,25,Jan  4: 25 Fatalities
2021-01-05,wb,West Bengal,Fatalities,24,Jan  5,24,Jan  5: 24 Fatalities
2021-01-06,wb,West Bengal,Fatalities,22,Jan  6,22,Jan  6: 22 Fatalities
2021-01-07,wb,West Bengal,Fatalities,18,Jan  7,18,Jan  7: 18 Fatalities
2021-01-08,wb,West Bengal,Fatalities,21,Jan  8,21,Jan  8: 21 Fatalities
2021-01-09,wb,West Bengal,Fatalities,20,Jan  9,20,Jan  9: 20 Fatalities
2021-01-10,wb,West Bengal,Fatalities,19,Jan 10,19,Jan 10: 19 Fatalities
2021-01-11,wb,West Bengal,Fatalities,16,Jan 11,16,Jan 11: 16 Fatalities
